Ticker,Date,Open,High,Low,Close
DJUSBK,12/29/2017,473.66,473.66,473.66,473.66
DJUSBK,12/28/2017,478.02,478.02,478.02,478.02
DJUSBK,12/27/2017,476.12,476.12,476.12,476.12
DJUSBK,12/26/2017,476.61,476.61,476.61,476.61
DJUSBK,12/25/2017,479.7,479.7,479.7,479.7
DJUSBK,12/22/2017,479.7,479.7,479.7,479.7
DJUSBK,12/21/2017,480.53,480.53,480.53,480.53
DJUSBK,12/20/2017,473.57,473.57,473.57,473.57
DJUSBK,12/19/2017,474.8,474.8,474.8,474.8
DJUSBK,12/18/2017,477.27,477.27,477.27,477.27
DJUSBK,12/15/2017,471.45,471.45,471.45,471.45
DJUSBK,12/14/2017,465.25,465.25,465.25,465.25
DJUSBK,12/13/2017,469.05,469.05,469.05,469.05
DJUSBK,12/12/2017,475.61,475.61,475.61,475.61
DJUSBK,12/11/2017,469.88,469.88,469.88,469.88
DJUSBK,12/08/2017,471.86,471.86,471.86,471.86
DJUSBK,12/07/2017,468.99,468.99,468.99,468.99
DJUSBK,12/06/2017,467.28,467.28,467.28,467.28
DJUSBK,12/05/2017,470.25,470.25,470.25,470.25
DJUSBK,12/04/2017,473.33,473.33,473.33,473.33
DJUSBK,12/01/2017,463.24,463.24,463.24,463.24
DJUSBK,11/30/2017,463.37,463.37,463.37,463.37
DJUSBK,11/29/2017,463.17,463.17,463.17,463.17
DJUSBK,11/28/2017,451.65,451.65,451.65,451.65
DJUSBK,11/27/2017,437.22,437.22,437.22,437.22
DJUSBK,11/24/2017,438.16,438.16,438.16,438.16
DJUSBK,11/23/2017,439.52,439.52,439.52,439.52
DJUSBK,11/22/2017,439.52,439.52,439.52,439.52
DJUSBK,11/21/2017,440.99,440.99,440.99,440.99
DJUSBK,11/20/2017,440.65,440.65,440.65,440.65
DJUSBK,11/17/2017,438.1,438.1,438.1,438.1
DJUSBK,11/16/2017,438.85,438.85,438.85,438.85
DJUSBK,11/15/2017,438.02,438.02,438.02,438.02
DJUSBK,11/14/2017,435.71,435.71,435.71,435.71
DJUSBK,11/13/2017,435.54,435.54,435.54,435.54
DJUSBK,11/10/2017,434.14,434.14,434.14,434.14
DJUSBK,11/09/2017,435.18,435.18,435.18,435.18
DJUSBK,11/08/2017,437.8,437.8,437.8,437.8
DJUSBK,11/07/2017,442.54,442.54,442.54,442.54
DJUSBK,11/06/2017,452.52,452.52,452.52,452.52
DJUSBK,11/03/2017,453.9,453.9,453.9,453.9
DJUSBK,11/02/2017,455.04,455.04,455.04,455.04
DJUSBK,11/01/2017,451.63,451.63,451.63,451.63
DJUSBK,10/31/2017,450.62,450.62,450.62,450.62
DJUSBK,10/30/2017,451.74,451.74,451.74,451.74
DJUSBK,10/27/2017,454.22,454.22,454.22,454.22
DJUSBK,10/26/2017,453.06,453.06,453.06,453.06
DJUSBK,10/25/2017,449.95,449.95,449.95,449.95
DJUSBK,10/24/2017,451.19,451.19,451.19,451.19
DJUSBK,10/23/2017,446.18,446.18,446.18,446.18
DJUSBK,10/20/2017,447.36,447.36,447.36,447.36
DJUSBK,10/19/2017,440.31,440.31,440.31,440.31
DJUSBK,10/18/2017,438.87,438.87,438.87,438.87
DJUSBK,10/17/2017,436.31,436.31,436.31,436.31
DJUSBK,10/16/2017,438.61,438.61,438.61,438.61
DJUSBK,10/13/2017,434.63,434.63,434.63,434.63
DJUSBK,10/12/2017,436.71,436.71,436.71,436.71
DJUSBK,10/11/2017,442.13,442.13,442.13,442.13
DJUSBK,10/10/2017,443.65,443.65,443.65,443.65
DJUSBK,10/09/2017,441.09,441.09,441.09,441.09
DJUSBK,10/06/2017,443.93,443.93,443.93,443.93
DJUSBK,10/05/2017,443.43,443.43,443.43,443.43
DJUSBK,10/04/2017,437.81,437.81,437.81,437.81
DJUSBK,10/03/2017,441.26,441.26,441.26,441.26
DJUSBK,10/02/2017,440.4,440.4,440.4,440.4
DJUSBK,09/29/2017,436.68,436.68,436.68,436.68
DJUSBK,09/28/2017,434.72,434.72,434.72,434.72
DJUSBK,09/27/2017,433.94,433.94,433.94,433.94
DJUSBK,09/26/2017,426.67,426.67,426.67,426.67
DJUSBK,09/25/2017,426.6,426.6,426.6,426.6
DJUSBK,09/22/2017,428.46,428.46,428.46,428.46
DJUSBK,09/21/2017,429.02,429.02,429.02,429.02
DJUSBK,09/20/2017,427.04,427.04,427.04,427.04
DJUSBK,09/19/2017,423.62,423.62,423.62,423.62
DJUSBK,09/18/2017,419.79,419.79,419.79,419.79
DJUSBK,09/15/2017,413.38,413.38,413.38,413.38
DJUSBK,09/14/2017,411.37,411.37,411.37,411.37
DJUSBK,09/13/2017,413.28,413.28,413.28,413.28
DJUSBK,09/12/2017,410.97,410.97,410.97,410.97
DJUSBK,09/11/2017,403.61,403.61,403.61,403.61
DJUSBK,09/08/2017,395.48,395.48,395.48,395.48
DJUSBK,09/07/2017,394.69,394.69,394.69,394.69
DJUSBK,09/06/2017,402.12,402.12,402.12,402.12
DJUSBK,09/05/2017,401.32,401.32,401.32,401.32
DJUSBK,09/04/2017,411.51,411.51,411.51,411.51
DJUSBK,09/01/2017,411.51,411.51,411.51,411.51
DJUSBK,08/31/2017,408.68,408.68,408.68,408.68
DJUSBK,08/30/2017,409.92,409.92,409.92,409.92
DJUSBK,08/29/2017,408.22,408.22,408.22,408.22
DJUSBK,08/28/2017,410.79,410.79,410.79,410.79
DJUSBK,08/25/2017,412.25,412.25,412.25,412.25
DJUSBK,08/24/2017,411.97,411.97,411.97,411.97
DJUSBK,08/23/2017,410.95,410.95,410.95,410.95
DJUSBK,08/22/2017,410.97,410.97,410.97,410.97
DJUSBK,08/21/2017,406.37,406.37,406.37,406.37
DJUSBK,08/18/2017,407.9,407.9,407.9,407.9
DJUSBK,08/17/2017,408.04,408.04,408.04,408.04
DJUSBK,08/16/2017,416.35,416.35,416.35,416.35
DJUSBK,08/15/2017,418.52,418.52,418.52,418.52
DJUSBK,08/14/2017,418.21,418.21,418.21,418.21
DJUSBK,08/11/2017,410.85,410.85,410.85,410.85
DJUSBK,08/10/2017,413.75,413.75,413.75,413.75
DJUSBK,08/09/2017,422.22,422.22,422.22,422.22
DJUSBK,08/08/2017,424.39,424.39,424.39,424.39
DJUSBK,08/07/2017,424.36,424.36,424.36,424.36
DJUSBK,08/04/2017,425.1,425.1,425.1,425.1
DJUSBK,08/03/2017,421.01,421.01,421.01,421.01
DJUSBK,08/02/2017,424.23,424.23,424.23,424.23
DJUSBK,08/01/2017,424.27,424.27,424.27,424.27
DJUSBK,07/31/2017,420.09,420.09,420.09,420.09
DJUSBK,07/28/2017,416.69,416.69,416.69,416.69
DJUSBK,07/27/2017,419.47,419.47,419.47,419.47
DJUSBK,07/26/2017,420.6,420.6,420.6,420.6
DJUSBK,07/25/2017,425.0,425.0,425.0,425.0
DJUSBK,07/24/2017,417.52,417.52,417.52,417.52
DJUSBK,07/21/2017,414.98,414.98,414.98,414.98
DJUSBK,07/20/2017,417.92,417.92,417.92,417.92
DJUSBK,07/19/2017,418.51,418.51,418.51,418.51
DJUSBK,07/18/2017,417.84,417.84,417.84,417.84
DJUSBK,07/17/2017,419.39,419.39,419.39,419.39
DJUSBK,07/14/2017,421.0,421.0,421.0,421.0
DJUSBK,07/13/2017,424.87,424.87,424.87,424.87
DJUSBK,07/12/2017,422.25,422.25,422.25,422.25
DJUSBK,07/11/2017,423.18,423.18,423.18,423.18
DJUSBK,07/10/2017,426.03,426.03,426.03,426.03
DJUSBK,07/07/2017,427.27,427.27,427.27,427.27
DJUSBK,07/06/2017,425.26,425.26,425.26,425.26
DJUSBK,07/05/2017,428.3,428.3,428.3,428.3
DJUSBK,07/04/2017,426.57,426.57,426.57,426.57
DJUSBK,07/03/2017,426.57,426.57,426.57,426.57
DJUSBK,06/30/2017,420.16,420.16,420.16,420.16
DJUSBK,06/29/2017,420.86,420.86,420.86,420.86
DJUSBK,06/28/2017,413.4,413.4,413.4,413.4
DJUSBK,06/27/2017,405.78,405.78,405.78,405.78
DJUSBK,06/26/2017,402.44,402.44,402.44,402.44
DJUSBK,06/23/2017,400.07,400.07,400.07,400.07
DJUSBK,06/22/2017,401.99,401.99,401.99,401.99
DJUSBK,06/21/2017,404.66,404.66,404.66,404.66
DJUSBK,06/20/2017,408.2,408.2,408.2,408.2
DJUSBK,06/19/2017,412.81,412.81,412.81,412.81
DJUSBK,06/16/2017,408.18,408.18,408.18,408.18
DJUSBK,06/15/2017,409.52,409.52,409.52,409.52
DJUSBK,06/14/2017,412.79,412.79,412.79,412.79
DJUSBK,06/13/2017,412.92,412.92,412.92,412.92
DJUSBK,06/12/2017,411.46,411.46,411.46,411.46
DJUSBK,06/09/2017,410.95,410.95,410.95,410.95
DJUSBK,06/08/2017,400.92,400.92,400.92,400.92
DJUSBK,06/07/2017,394.2,394.2,394.2,394.2
DJUSBK,06/06/2017,389.91,389.91,389.91,389.91
DJUSBK,06/05/2017,391.2,391.2,391.2,391.2
DJUSBK,06/02/2017,391.06,391.06,391.06,391.06
DJUSBK,06/01/2017,393.5,393.5,393.5,393.5
DJUSBK,05/31/2017,388.44,388.44,388.44,388.44
DJUSBK,05/30/2017,394.58,394.58,394.58,394.58
DJUSBK,05/29/2017,399.0,399.0,399.0,399.0
DJUSBK,05/26/2017,399.0,399.0,399.0,399.0
DJUSBK,05/25/2017,400.06,400.06,400.06,400.06
DJUSBK,05/24/2017,401.26,401.26,401.26,401.26
DJUSBK,05/23/2017,402.04,402.04,402.04,402.04
DJUSBK,05/22/2017,397.1,397.1,397.1,397.1
DJUSBK,05/19/2017,396.62,396.62,396.62,396.62
DJUSBK,05/18/2017,392.59,392.59,392.59,392.59
DJUSBK,05/17/2017,391.46,391.46,391.46,391.46
DJUSBK,05/16/2017,407.79,407.79,407.79,407.79
DJUSBK,05/15/2017,406.29,406.29,406.29,406.29
DJUSBK,05/12/2017,403.65,403.65,403.65,403.65
DJUSBK,05/11/2017,405.34,405.34,405.34,405.34
DJUSBK,05/10/2017,408.32,408.32,408.32,408.32
DJUSBK,05/09/2017,406.74,406.74,406.74,406.74
DJUSBK,05/08/2017,408.9,408.9,408.9,408.9
DJUSBK,05/05/2017,407.53,407.53,407.53,407.53
DJUSBK,05/04/2017,408.61,408.61,408.61,408.61
DJUSBK,05/03/2017,407.51,407.51,407.51,407.51
DJUSBK,05/02/2017,403.86,403.86,403.86,403.86
DJUSBK,05/01/2017,405.31,405.31,405.31,405.31
DJUSBK,04/28/2017,401.8,401.8,401.8,401.8
DJUSBK,04/27/2017,406.09,406.09,406.09,406.09
DJUSBK,04/26/2017,409.6,409.6,409.6,409.6
DJUSBK,04/25/2017,408.8,408.8,408.8,408.8
DJUSBK,04/24/2017,404.81,404.81,404.81,404.81
DJUSBK,04/21/2017,394.12,394.12,394.12,394.12
DJUSBK,04/20/2017,397.9,397.9,397.9,397.9
DJUSBK,04/19/2017,390.78,390.78,390.78,390.78
DJUSBK,04/18/2017,391.78,391.78,391.78,391.78
DJUSBK,04/17/2017,394.95,394.95,394.95,394.95
DJUSBK,04/14/2017,387.38,387.38,387.38,387.38
DJUSBK,04/13/2017,387.38,387.38,387.38,387.38
DJUSBK,04/12/2017,393.97,393.97,393.97,393.97
DJUSBK,04/11/2017,398.48,398.48,398.48,398.48
DJUSBK,04/10/2017,399.24,399.24,399.24,399.24
DJUSBK,04/07/2017,401.41,401.41,401.41,401.41
DJUSBK,04/06/2017,403.53,403.53,403.53,403.53
DJUSBK,04/05/2017,400.8,400.8,400.8,400.8
DJUSBK,04/04/2017,405.0,405.0,405.0,405.0
DJUSBK,04/03/2017,406.24,406.24,406.24,406.24
DJUSBK,03/31/2017,407.34,407.34,407.34,407.34
DJUSBK,03/30/2017,412.07,412.07,412.07,412.07
DJUSBK,03/29/2017,405.13,405.13,405.13,405.13
DJUSBK,03/28/2017,407.26,407.26,407.26,407.26
DJUSBK,03/27/2017,401.0,401.0,401.0,401.0
DJUSBK,03/24/2017,402.52,402.52,402.52,402.52
DJUSBK,03/23/2017,401.7,401.7,401.7,401.7
DJUSBK,03/22/2017,400.65,400.65,400.65,400.65
DJUSBK,03/21/2017,401.72,401.72,401.72,401.72
DJUSBK,03/20/2017,418.5,418.5,418.5,418.5
DJUSBK,03/17/2017,423.78,423.78,423.78,423.78
DJUSBK,03/16/2017,428.03,428.03,428.03,428.03
DJUSBK,03/15/2017,426.05,426.05,426.05,426.05
DJUSBK,03/14/2017,427.92,427.92,427.92,427.92
DJUSBK,03/13/2017,427.98,427.98,427.98,427.98
DJUSBK,03/10/2017,428.12,428.12,428.12,428.12
DJUSBK,03/09/2017,429.08,429.08,429.08,429.08
DJUSBK,03/08/2017,427.47,427.47,427.47,427.47
DJUSBK,03/07/2017,427.76,427.76,427.76,427.76
DJUSBK,03/06/2017,429.28,429.28,429.28,429.28
DJUSBK,03/03/2017,432.4,432.4,432.4,432.4
DJUSBK,03/02/2017,429.89,429.89,429.89,429.89
DJUSBK,03/01/2017,438.05,438.05,438.05,438.05
DJUSBK,02/28/2017,424.33,424.33,424.33,424.33
DJUSBK,02/27/2017,425.29,425.29,425.29,425.29
DJUSBK,02/24/2017,422.63,422.63,422.63,422.63
DJUSBK,02/23/2017,427.24,427.24,427.24,427.24
DJUSBK,02/22/2017,427.32,427.32,427.32,427.32
DJUSBK,02/21/2017,427.11,427.11,427.11,427.11
DJUSBK,02/20/2017,424.46,424.46,424.46,424.46
DJUSBK,02/17/2017,424.46,424.46,424.46,424.46
DJUSBK,02/16/2017,425.54,425.54,425.54,425.54
DJUSBK,02/15/2017,426.65,426.65,426.65,426.65
DJUSBK,02/14/2017,421.98,421.98,421.98,421.98
DJUSBK,02/13/2017,414.5,414.5,414.5,414.5
DJUSBK,02/10/2017,409.74,409.74,409.74,409.74
DJUSBK,02/09/2017,409.05,409.05,409.05,409.05
DJUSBK,02/08/2017,402.41,402.41,402.41,402.41
DJUSBK,02/07/2017,406.61,406.61,406.61,406.61
DJUSBK,02/06/2017,408.51,408.51,408.51,408.51
DJUSBK,02/03/2017,411.06,411.06,411.06,411.06
DJUSBK,02/02/2017,400.75,400.75,400.75,400.75
DJUSBK,02/01/2017,403.02,403.02,403.02,403.02
DJUSBK,01/31/2017,402.22,402.22,402.22,402.22
DJUSBK,01/30/2017,405.17,405.17,405.17,405.17
DJUSBK,01/27/2017,409.8,409.8,409.8,409.8
DJUSBK,01/26/2017,411.68,411.68,411.68,411.68
DJUSBK,01/25/2017,409.33,409.33,409.33,409.33
DJUSBK,01/24/2017,401.13,401.13,401.13,401.13
DJUSBK,01/23/2017,395.3,395.3,395.3,395.3
DJUSBK,01/20/2017,397.23,397.23,397.23,397.23
DJUSBK,01/19/2017,394.98,394.98,394.98,394.98
DJUSBK,01/18/2017,396.88,396.88,396.88,396.88
DJUSBK,01/17/2017,393.36,393.36,393.36,393.36
DJUSBK,01/16/2017,407.03,407.03,407.03,407.03
DJUSBK,01/13/2017,407.03,407.03,407.03,407.03
DJUSBK,01/12/2017,403.66,403.66,403.66,403.66
DJUSBK,01/11/2017,407.94,407.94,407.94,407.94
DJUSBK,01/10/2017,405.83,405.83,405.83,405.83
DJUSBK,01/09/2017,402.91,402.91,402.91,402.91
DJUSBK,01/06/2017,405.61,405.61,405.61,405.61
DJUSBK,01/05/2017,404.76,404.76,404.76,404.76
DJUSBK,01/04/2017,410.52,410.52,410.52,410.52
DJUSBK,01/03/2017,407.25,407.25,407.25,407.25
DJUSBK,01/02/2017,402.68,402.68,402.68,402.68
DJUSBK,12/31/2018,386.29,386.29,386.29,386.29
DJUSBK,12/28/2018,383.25,383.25,383.25,383.25
DJUSBK,12/27/2018,382.7,382.7,382.7,382.7
DJUSBK,12/26/2018,380.88,380.88,380.88,380.88
DJUSBK,12/25/2018,363.64,363.64,363.64,363.64
DJUSBK,12/24/2018,363.64,363.64,363.64,363.64
DJUSBK,12/21/2018,372.48,372.48,372.48,372.48
DJUSBK,12/20/2018,381.2,381.2,381.2,381.2
DJUSBK,12/19/2018,382.6,382.6,382.6,382.6
DJUSBK,12/18/2018,389.74,389.74,389.74,389.74
DJUSBK,12/17/2018,392.65,392.65,392.65,392.65
DJUSBK,12/14/2018,395.49,395.49,395.49,395.49
DJUSBK,12/13/2018,399.29,399.29,399.29,399.29
DJUSBK,12/12/2018,404.25,404.25,404.25,404.25
DJUSBK,12/11/2018,402.83,402.83,402.83,402.83
DJUSBK,12/10/2018,407.85,407.85,407.85,407.85
DJUSBK,12/07/2018,417.37,417.37,417.37,417.37
DJUSBK,12/06/2018,425.94,425.94,425.94,425.94
DJUSBK,12/05/2018,433.37,433.37,433.37,433.37
DJUSBK,12/04/2018,433.37,433.37,433.37,433.37
DJUSBK,12/03/2018,455.08,455.08,455.08,455.08
DJUSBK,11/30/2018,453.7,453.7,453.7,453.7
DJUSBK,11/29/2018,449.51,449.51,449.51,449.51
DJUSBK,11/28/2018,452.88,452.88,452.88,452.88
DJUSBK,11/27/2018,445.6,445.6,445.6,445.6
DJUSBK,11/26/2018,445.67,445.67,445.67,445.67
DJUSBK,11/23/2018,436.0,436.0,436.0,436.0
DJUSBK,11/22/2018,439.53,439.53,439.53,439.53
DJUSBK,11/21/2018,439.53,439.53,439.53,439.53
DJUSBK,11/20/2018,440.51,440.51,440.51,440.51
DJUSBK,11/19/2018,449.05,449.05,449.05,449.05
DJUSBK,11/16/2018,448.24,448.24,448.24,448.24
DJUSBK,11/15/2018,448.53,448.53,448.53,448.53
DJUSBK,11/14/2018,439.9,439.9,439.9,439.9
DJUSBK,11/13/2018,447.4,447.4,447.4,447.4
DJUSBK,11/12/2018,444.53,444.53,444.53,444.53
DJUSBK,11/09/2018,452.44,452.44,452.44,452.44
DJUSBK,11/08/2018,456.33,456.33,456.33,456.33
DJUSBK,11/07/2018,454.6,454.6,454.6,454.6
DJUSBK,11/06/2018,450.22,450.22,450.22,450.22
DJUSBK,11/05/2018,448.84,448.84,448.84,448.84
DJUSBK,11/02/2018,445.94,445.94,445.94,445.94
DJUSBK,11/01/2018,445.79,445.79,445.79,445.79
DJUSBK,10/31/2018,443.32,443.32,443.32,443.32
DJUSBK,10/30/2018,436.15,436.15,436.15,436.15
DJUSBK,10/29/2018,431.33,431.33,431.33,431.33
DJUSBK,10/26/2018,425.3,425.3,425.3,425.3
DJUSBK,10/25/2018,429.65,429.65,429.65,429.65
DJUSBK,10/24/2018,420.48,420.48,420.48,420.48
DJUSBK,10/23/2018,432.83,432.83,432.83,432.83
DJUSBK,10/22/2018,435.35,435.35,435.35,435.35
DJUSBK,10/19/2018,446.98,446.98,446.98,446.98
DJUSBK,10/18/2018,447.48,447.48,447.48,447.48
DJUSBK,10/17/2018,456.05,456.05,456.05,456.05
DJUSBK,10/16/2018,450.79,450.79,450.79,450.79
DJUSBK,10/15/2018,445.55,445.55,445.55,445.55
DJUSBK,10/12/2018,446.78,446.78,446.78,446.78
DJUSBK,10/11/2018,449.4,449.4,449.4,449.4
DJUSBK,10/10/2018,462.37,462.37,462.37,462.37
DJUSBK,10/09/2018,472.67,472.67,472.67,472.67
DJUSBK,10/08/2018,475.61,475.61,475.61,475.61
DJUSBK,10/05/2018,472.62,472.62,472.62,472.62
DJUSBK,10/04/2018,475.56,475.56,475.56,475.56
DJUSBK,10/03/2018,472.2,472.2,472.2,472.2
DJUSBK,10/02/2018,465.58,465.58,465.58,465.58
DJUSBK,10/01/2018,466.01,466.01,466.01,466.01
DJUSBK,09/28/2018,465.99,465.99,465.99,465.99
DJUSBK,09/27/2018,470.73,470.73,470.73,470.73
DJUSBK,09/26/2018,473.78,473.78,473.78,473.78
DJUSBK,09/25/2018,481.46,481.46,481.46,481.46
DJUSBK,09/24/2018,482.67,482.67,482.67,482.67
DJUSBK,09/21/2018,488.06,488.06,488.06,488.06
DJUSBK,09/20/2018,491.0,491.0,491.0,491.0
DJUSBK,09/19/2018,486.08,486.08,486.08,486.08
DJUSBK,09/18/2018,475.8,475.8,475.8,475.8
DJUSBK,09/17/2018,475.49,475.49,475.49,475.49
DJUSBK,09/14/2018,476.6,476.6,476.6,476.6
DJUSBK,09/13/2018,475.05,475.05,475.05,475.05
DJUSBK,09/12/2018,478.74,478.74,478.74,478.74
DJUSBK,09/11/2018,485.42,485.42,485.42,485.42
DJUSBK,09/10/2018,484.36,484.36,484.36,484.36
DJUSBK,09/07/2018,485.37,485.37,485.37,485.37
DJUSBK,09/06/2018,486.32,486.32,486.32,486.32
DJUSBK,09/05/2018,490.48,490.48,490.48,490.48
DJUSBK,09/04/2018,490.42,490.42,490.42,490.42
DJUSBK,09/03/2018,487.86,487.86,487.86,487.86
DJUSBK,08/31/2018,487.86,487.86,487.86,487.86
DJUSBK,08/30/2018,488.13,488.13,488.13,488.13
DJUSBK,08/29/2018,491.83,491.83,491.83,491.83
DJUSBK,08/28/2018,492.83,492.83,492.83,492.83
DJUSBK,08/27/2018,493.95,493.95,493.95,493.95
DJUSBK,08/24/2018,488.18,488.18,488.18,488.18
DJUSBK,08/23/2018,488.47,488.47,488.47,488.47
DJUSBK,08/22/2018,491.13,491.13,491.13,491.13
DJUSBK,08/21/2018,491.95,491.95,491.95,491.95
DJUSBK,08/20/2018,489.16,489.16,489.16,489.16
DJUSBK,08/17/2018,487.58,487.58,487.58,487.58
DJUSBK,08/16/2018,486.72,486.72,486.72,486.72
DJUSBK,08/15/2018,480.54,480.54,480.54,480.54
DJUSBK,08/14/2018,485.38,485.38,485.38,485.38
DJUSBK,08/13/2018,480.1,480.1,480.1,480.1
DJUSBK,08/10/2018,486.4,486.4,486.4,486.4
DJUSBK,08/09/2018,491.45,491.45,491.45,491.45
DJUSBK,08/08/2018,495.33,495.33,495.33,495.33
DJUSBK,08/07/2018,492.47,492.47,492.47,492.47
DJUSBK,08/06/2018,491.52,491.52,491.52,491.52
DJUSBK,08/03/2018,491.36,491.36,491.36,491.36
DJUSBK,08/02/2018,489.18,489.18,489.18,489.18
DJUSBK,08/01/2018,486.76,486.76,486.76,486.76
DJUSBK,07/31/2018,483.65,483.65,483.65,483.65
DJUSBK,07/30/2018,489.14,489.14,489.14,489.14
DJUSBK,07/27/2018,487.57,487.57,487.57,487.57
DJUSBK,07/26/2018,484.8,484.8,484.8,484.8
DJUSBK,07/25/2018,484.72,484.72,484.72,484.72
DJUSBK,07/24/2018,483.86,483.86,483.86,483.86
DJUSBK,07/23/2018,483.14,483.14,483.14,483.14
DJUSBK,07/20/2018,474.31,474.31,474.31,474.31
DJUSBK,07/19/2018,470.77,470.77,470.77,470.77
DJUSBK,07/18/2018,475.75,475.75,475.75,475.75
DJUSBK,07/17/2018,472.3,472.3,472.3,472.3
DJUSBK,07/16/2018,471.88,471.88,471.88,471.88
DJUSBK,07/13/2018,458.76,458.76,458.76,458.76
DJUSBK,07/12/2018,463.27,463.27,463.27,463.27
DJUSBK,07/11/2018,463.32,463.32,463.32,463.32
DJUSBK,07/10/2018,465.56,465.56,465.56,465.56
DJUSBK,07/09/2018,469.04,469.04,469.04,469.04
DJUSBK,07/06/2018,456.86,456.86,456.86,456.86
DJUSBK,07/05/2018,453.99,453.99,453.99,453.99
DJUSBK,07/04/2018,453.08,453.08,453.08,453.08
DJUSBK,07/03/2018,453.08,453.08,453.08,453.08
DJUSBK,07/02/2018,458.75,458.75,458.75,458.75
DJUSBK,06/29/2018,454.95,454.95,454.95,454.95
DJUSBK,06/28/2018,455.24,455.24,455.24,455.24
DJUSBK,06/27/2018,450.96,450.96,450.96,450.96
DJUSBK,06/26/2018,456.76,456.76,456.76,456.76
DJUSBK,06/25/2018,458.13,458.13,458.13,458.13
DJUSBK,06/22/2018,462.79,462.79,462.79,462.79
DJUSBK,06/21/2018,467.93,467.93,467.93,467.93
DJUSBK,06/20/2018,467.95,467.95,467.95,467.95
DJUSBK,06/19/2018,468.54,468.54,468.54,468.54
DJUSBK,06/18/2018,468.79,468.79,468.79,468.79
DJUSBK,06/15/2018,467.93,467.93,467.93,467.93
DJUSBK,06/14/2018,468.13,468.13,468.13,468.13
DJUSBK,06/13/2018,473.79,473.79,473.79,473.79
DJUSBK,06/12/2018,475.38,475.38,475.38,475.38
DJUSBK,06/11/2018,477.43,477.43,477.43,477.43
DJUSBK,06/08/2018,479.98,479.98,479.98,479.98
DJUSBK,06/07/2018,479.12,479.12,479.12,479.12
DJUSBK,06/06/2018,478.54,478.54,478.54,478.54
DJUSBK,06/05/2018,468.06,468.06,468.06,468.06
DJUSBK,06/04/2018,470.73,470.73,470.73,470.73
DJUSBK,06/01/2018,469.05,469.05,469.05,469.05
DJUSBK,05/31/2018,463.26,463.26,463.26,463.26
DJUSBK,05/30/2018,467.21,467.21,467.21,467.21
DJUSBK,05/29/2018,458.18,458.18,458.18,458.18
DJUSBK,05/28/2018,476.01,476.01,476.01,476.01
DJUSBK,05/25/2018,476.01,476.01,476.01,476.01
DJUSBK,05/24/2018,477.88,477.88,477.88,477.88
DJUSBK,05/23/2018,482.79,482.79,482.79,482.79
DJUSBK,05/22/2018,485.28,485.28,485.28,485.28
DJUSBK,05/21/2018,480.81,480.81,480.81,480.81
DJUSBK,05/18/2018,476.79,476.79,476.79,476.79
DJUSBK,05/17/2018,483.73,483.73,483.73,483.73
DJUSBK,05/16/2018,485.41,485.41,485.41,485.41
DJUSBK,05/15/2018,485.67,485.67,485.67,485.67
DJUSBK,05/14/2018,484.93,484.93,484.93,484.93
DJUSBK,05/11/2018,485.12,485.12,485.12,485.12
DJUSBK,05/10/2018,485.3,485.3,485.3,485.3
DJUSBK,05/09/2018,481.67,481.67,481.67,481.67
DJUSBK,05/08/2018,473.67,473.67,473.67,473.67
DJUSBK,05/07/2018,467.69,467.69,467.69,467.69
DJUSBK,05/04/2018,464.54,464.54,464.54,464.54
DJUSBK,05/03/2018,460.31,460.31,460.31,460.31
DJUSBK,05/02/2018,463.84,463.84,463.84,463.84
DJUSBK,05/01/2018,467.49,467.49,467.49,467.49
DJUSBK,04/30/2018,465.92,465.92,465.92,465.92
DJUSBK,04/27/2018,470.82,470.82,470.82,470.82
DJUSBK,04/26/2018,469.49,469.49,469.49,469.49
DJUSBK,04/25/2018,470.84,470.84,470.84,470.84
DJUSBK,04/24/2018,470.18,470.18,470.18,470.18
DJUSBK,04/23/2018,470.62,470.62,470.62,470.62
DJUSBK,04/20/2018,469.88,469.88,469.88,469.88
DJUSBK,04/19/2018,468.08,468.08,468.08,468.08
DJUSBK,04/18/2018,458.47,458.47,458.47,458.47
DJUSBK,04/17/2018,462.26,462.26,462.26,462.26
DJUSBK,04/16/2018,465.22,465.22,465.22,465.22
DJUSBK,04/13/2018,465.35,465.35,465.35,465.35
DJUSBK,04/12/2018,476.99,476.99,476.99,476.99
DJUSBK,04/11/2018,466.63,466.63,466.63,466.63
DJUSBK,04/10/2018,472.65,472.65,472.65,472.65
DJUSBK,04/09/2018,465.04,465.04,465.04,465.04
DJUSBK,04/06/2018,461.81,461.81,461.81,461.81
DJUSBK,04/05/2018,473.54,473.54,473.54,473.54
DJUSBK,04/04/2018,469.54,469.54,469.54,469.54
DJUSBK,04/03/2018,463.59,463.59,463.59,463.59
DJUSBK,04/02/2018,457.45,457.45,457.45,457.45
DJUSBK,03/30/2018,466.02,466.02,466.02,466.02
DJUSBK,03/29/2018,466.02,466.02,466.02,466.02
DJUSBK,03/28/2018,460.11,460.11,460.11,460.11
DJUSBK,03/27/2018,459.51,459.51,459.51,459.51
DJUSBK,03/26/2018,470.69,470.69,470.69,470.69
DJUSBK,03/23/2018,455.16,455.16,455.16,455.16
DJUSBK,03/22/2018,471.15,471.15,471.15,471.15
DJUSBK,03/21/2018,491.03,491.03,491.03,491.03
DJUSBK,03/20/2018,490.76,490.76,490.76,490.76
DJUSBK,03/19/2018,491.81,491.81,491.81,491.81
DJUSBK,03/16/2018,495.4,495.4,495.4,495.4
DJUSBK,03/15/2018,495.05,495.05,495.05,495.05
DJUSBK,03/14/2018,494.41,494.41,494.41,494.41
DJUSBK,03/13/2018,501.16,501.16,501.16,501.16
DJUSBK,03/12/2018,506.88,506.88,506.88,506.88
DJUSBK,03/09/2018,507.97,507.97,507.97,507.97
DJUSBK,03/08/2018,496.86,496.86,496.86,496.86
DJUSBK,03/07/2018,497.31,497.31,497.31,497.31
DJUSBK,03/06/2018,497.85,497.85,497.85,497.85
DJUSBK,03/05/2018,496.86,496.86,496.86,496.86
DJUSBK,03/02/2018,491.08,491.08,491.08,491.08
DJUSBK,03/01/2018,488.58,488.58,488.58,488.58
DJUSBK,02/28/2018,495.81,495.81,495.81,495.81
DJUSBK,02/27/2018,502.13,502.13,502.13,502.13
DJUSBK,02/26/2018,508.03,508.03,508.03,508.03
DJUSBK,02/23/2018,503.2,503.2,503.2,503.2
DJUSBK,02/22/2018,495.96,495.96,495.96,495.96
DJUSBK,02/21/2018,501.6,501.6,501.6,501.6
DJUSBK,02/20/2018,499.73,499.73,499.73,499.73
DJUSBK,02/19/2018,501.14,501.14,501.14,501.14
DJUSBK,02/16/2018,501.14,501.14,501.14,501.14
DJUSBK,02/15/2018,502.12,502.12,502.12,502.12
DJUSBK,02/14/2018,499.81,499.81,499.81,499.81
DJUSBK,02/13/2018,487.23,487.23,487.23,487.23
DJUSBK,02/12/2018,483.41,483.41,483.41,483.41
DJUSBK,02/09/2018,477.28,477.28,477.28,477.28
DJUSBK,02/08/2018,467.94,467.94,467.94,467.94
DJUSBK,02/07/2018,488.55,488.55,488.55,488.55
DJUSBK,02/06/2018,486.23,486.23,486.23,486.23
DJUSBK,02/05/2018,478.11,478.11,478.11,478.11
DJUSBK,02/02/2018,505.37,505.37,505.37,505.37
DJUSBK,02/01/2018,514.78,514.78,514.78,514.78
DJUSBK,01/31/2018,509.87,509.87,509.87,509.87
DJUSBK,01/30/2018,508.64,508.64,508.64,508.64
DJUSBK,01/29/2018,513.8,513.8,513.8,513.8
DJUSBK,01/26/2018,514.44,514.44,514.44,514.44
DJUSBK,01/25/2018,511.8,511.8,511.8,511.8
DJUSBK,01/24/2018,512.35,512.35,512.35,512.35
DJUSBK,01/23/2018,508.05,508.05,508.05,508.05
DJUSBK,01/22/2018,508.26,508.26,508.26,508.26
DJUSBK,01/19/2018,504.41,504.41,504.41,504.41
DJUSBK,01/18/2018,500.57,500.57,500.57,500.57
DJUSBK,01/17/2018,500.05,500.05,500.05,500.05
DJUSBK,01/16/2018,497.0,497.0,497.0,497.0
DJUSBK,01/15/2018,497.98,497.98,497.98,497.98
DJUSBK,01/12/2018,497.98,497.98,497.98,497.98
DJUSBK,01/11/2018,493.59,493.59,493.59,493.59
DJUSBK,01/10/2018,490.89,490.89,490.89,490.89
DJUSBK,01/09/2018,485.61,485.61,485.61,485.61
DJUSBK,01/08/2018,481.66,481.66,481.66,481.66
DJUSBK,01/05/2018,483.51,483.51,483.51,483.51
DJUSBK,01/04/2018,482.58,482.58,482.58,482.58
DJUSBK,01/03/2018,478.05,478.05,478.05,478.05
DJUSBK,01/02/2018,476.7,476.7,476.7,476.7
DJUSBK,12/31/2019,520.66,520.66,520.66,520.66
DJUSBK,12/30/2019,519.08,519.08,519.08,519.08
DJUSBK,12/27/2019,521.03,521.03,521.03,521.03
DJUSBK,12/26/2019,522.68,522.68,522.68,522.68
DJUSBK,12/25/2019,518.55,518.55,518.55,518.55
DJUSBK,12/24/2019,518.55,518.55,518.55,518.55
DJUSBK,12/23/2019,517.86,517.86,517.86,517.86
DJUSBK,12/20/2019,517.32,517.32,517.32,517.32
DJUSBK,12/19/2019,517.27,517.27,517.27,517.27
DJUSBK,12/18/2019,518.56,518.56,518.56,518.56
DJUSBK,12/17/2019,520.15,520.15,520.15,520.15
DJUSBK,12/16/2019,516.39,516.39,516.39,516.39
DJUSBK,12/13/2019,513.44,513.44,513.44,513.44
DJUSBK,12/12/2019,517.63,517.63,517.63,517.63
DJUSBK,12/11/2019,503.4,503.4,503.4,503.4
DJUSBK,12/10/2019,505.42,505.42,505.42,505.42
DJUSBK,12/09/2019,504.56,504.56,504.56,504.56
DJUSBK,12/06/2019,506.33,506.33,506.33,506.33
DJUSBK,12/05/2019,498.73,498.73,498.73,498.73
DJUSBK,12/04/2019,497.04,497.04,497.04,497.04
DJUSBK,12/03/2019,490.67,490.67,490.67,490.67
DJUSBK,12/02/2019,498.41,498.41,498.41,498.41
DJUSBK,11/29/2019,500.85,500.85,500.85,500.85
DJUSBK,11/28/2019,502.49,502.49,502.49,502.49
DJUSBK,11/27/2019,502.49,502.49,502.49,502.49
DJUSBK,11/26/2019,500.04,500.04,500.04,500.04
DJUSBK,11/25/2019,501.68,501.68,501.68,501.68
DJUSBK,11/22/2019,498.73,498.73,498.73,498.73
DJUSBK,11/21/2019,494.16,494.16,494.16,494.16
DJUSBK,11/20/2019,493.48,493.48,493.48,493.48
DJUSBK,11/19/2019,496.83,496.83,496.83,496.83
DJUSBK,11/18/2019,496.49,496.49,496.49,496.49
DJUSBK,11/15/2019,495.19,495.19,495.19,495.19
DJUSBK,11/14/2019,492.27,492.27,492.27,492.27
DJUSBK,11/13/2019,492.48,492.48,492.48,492.48
DJUSBK,11/12/2019,497.21,497.21,497.21,497.21
DJUSBK,11/11/2019,498.33,498.33,498.33,498.33
DJUSBK,11/08/2019,500.31,500.31,500.31,500.31
DJUSBK,11/07/2019,499.45,499.45,499.45,499.45
DJUSBK,11/06/2019,495.68,495.68,495.68,495.68
DJUSBK,11/05/2019,495.66,495.66,495.66,495.66
DJUSBK,11/04/2019,492.12,492.12,492.12,492.12
DJUSBK,11/01/2019,485.33,485.33,485.33,485.33
DJUSBK,10/31/2019,476.09,476.09,476.09,476.09
DJUSBK,10/30/2019,481.0,481.0,481.0,481.0
DJUSBK,10/29/2019,484.73,484.73,484.73,484.73
DJUSBK,10/28/2019,483.14,483.14,483.14,483.14
DJUSBK,10/25/2019,480.55,480.55,480.55,480.55
DJUSBK,10/24/2019,475.96,475.96,475.96,475.96
DJUSBK,10/23/2019,477.24,477.24,477.24,477.24
DJUSBK,10/22/2019,475.33,475.33,475.33,475.33
DJUSBK,10/21/2019,472.62,472.62,472.62,472.62
DJUSBK,10/18/2019,463.64,463.64,463.64,463.64
DJUSBK,10/17/2019,461.5,461.5,461.5,461.5
DJUSBK,10/16/2019,460.82,460.82,460.82,460.82
DJUSBK,10/15/2019,461.77,461.77,461.77,461.77
DJUSBK,10/14/2019,452.73,452.73,452.73,452.73
DJUSBK,10/11/2019,451.81,451.81,451.81,451.81
DJUSBK,10/10/2019,444.5,444.5,444.5,444.5
DJUSBK,10/09/2019,438.26,438.26,438.26,438.26
DJUSBK,10/08/2019,434.81,434.81,434.81,434.81
DJUSBK,10/07/2019,445.32,445.32,445.32,445.32
DJUSBK,10/04/2019,446.64,446.64,446.64,446.64
DJUSBK,10/03/2019,438.5,438.5,438.5,438.5
DJUSBK,10/02/2019,438.98,438.98,438.98,438.98
DJUSBK,10/01/2019,447.12,447.12,447.12,447.12
DJUSBK,09/30/2019,457.39,457.39,457.39,457.39
DJUSBK,09/27/2019,458.87,458.87,458.87,458.87
DJUSBK,09/26/2019,454.64,454.64,454.64,454.64
DJUSBK,09/25/2019,457.72,457.72,457.72,457.72
DJUSBK,09/24/2019,452.41,452.41,452.41,452.41
DJUSBK,09/23/2019,458.74,458.74,458.74,458.74
DJUSBK,09/20/2019,458.05,458.05,458.05,458.05
DJUSBK,09/19/2019,460.5,460.5,460.5,460.5
DJUSBK,09/18/2019,462.78,462.78,462.78,462.78
DJUSBK,09/17/2019,459.75,459.75,459.75,459.75
DJUSBK,09/16/2019,462.77,462.77,462.77,462.77
DJUSBK,09/13/2019,464.17,464.17,464.17,464.17
DJUSBK,09/12/2019,457.99,457.99,457.99,457.99
DJUSBK,09/11/2019,456.35,456.35,456.35,456.35
DJUSBK,09/10/2019,454.0,454.0,454.0,454.0
DJUSBK,09/09/2019,447.84,447.84,447.84,447.84
DJUSBK,09/06/2019,434.19,434.19,434.19,434.19
DJUSBK,09/05/2019,436.03,436.03,436.03,436.03
DJUSBK,09/04/2019,425.47,425.47,425.47,425.47
DJUSBK,09/03/2019,420.58,420.58,420.58,420.58
DJUSBK,09/02/2019,427.36,427.36,427.36,427.36
DJUSBK,08/30/2019,427.36,427.36,427.36,427.36
DJUSBK,08/28/2019,416.68,416.68,416.68,416.68
DJUSBK,08/27/2019,411.15,411.15,411.15,411.15
DJUSBK,08/26/2019,415.67,415.67,415.67,415.67
DJUSBK,08/23/2019,411.41,411.41,411.41,411.41
DJUSBK,08/22/2019,423.09,423.09,423.09,423.09
DJUSBK,08/21/2019,419.43,419.43,419.43,419.43
DJUSBK,08/20/2019,417.53,417.53,417.53,417.53
DJUSBK,08/19/2019,424.18,424.18,424.18,424.18
DJUSBK,08/16/2019,419.52,419.52,419.52,419.52
DJUSBK,08/15/2019,408.72,408.72,408.72,408.72
DJUSBK,08/14/2019,410.09,410.09,410.09,410.09
DJUSBK,08/13/2019,427.93,427.93,427.93,427.93
DJUSBK,08/12/2019,423.45,423.45,423.45,423.45
DJUSBK,08/09/2019,432.55,432.55,432.55,432.55
DJUSBK,08/08/2019,433.83,433.83,433.83,433.83
DJUSBK,08/07/2019,426.69,426.69,426.69,426.69
DJUSBK,08/06/2019,435.44,435.44,435.44,435.44
DJUSBK,08/05/2019,430.58,430.58,430.58,430.58
DJUSBK,08/02/2019,446.13,446.13,446.13,446.13
DJUSBK,08/01/2019,447.44,447.44,447.44,447.44
DJUSBK,07/31/2019,463.49,463.49,463.49,463.49
DJUSBK,07/30/2019,464.56,464.56,464.56,464.56
DJUSBK,07/29/2019,462.37,462.37,462.37,462.37
DJUSBK,07/26/2019,466.36,466.36,466.36,466.36
DJUSBK,07/25/2019,460.23,460.23,460.23,460.23
DJUSBK,07/24/2019,464.71,464.71,464.71,464.71
DJUSBK,07/23/2019,458.22,458.22,458.22,458.22
DJUSBK,07/22/2019,450.98,450.98,450.98,450.98
DJUSBK,07/19/2019,449.49,449.49,449.49,449.49
DJUSBK,07/18/2019,450.35,450.35,450.35,450.35
DJUSBK,07/17/2019,446.06,446.06,446.06,446.06
DJUSBK,07/16/2019,447.19,447.19,447.19,447.19
DJUSBK,07/15/2019,449.14,449.14,449.14,449.14
DJUSBK,07/12/2019,454.38,454.38,454.38,454.38
DJUSBK,07/11/2019,451.62,451.62,451.62,451.62
DJUSBK,07/10/2019,447.86,447.86,447.86,447.86
DJUSBK,07/09/2019,451.82,451.82,451.82,451.82
DJUSBK,07/08/2019,449.29,449.29,449.29,449.29
DJUSBK,07/05/2019,452.4,452.4,452.4,452.4
DJUSBK,07/04/2019,448.92,448.92,448.92,448.92
DJUSBK,07/03/2019,448.92,448.92,448.92,448.92
DJUSBK,07/02/2019,447.91,447.91,447.91,447.91
DJUSBK,07/01/2019,451.08,451.08,451.08,451.08
DJUSBK,06/28/2019,445.99,445.99,445.99,445.99
DJUSBK,06/27/2019,436.04,436.04,436.04,436.04
DJUSBK,06/26/2019,432.24,432.24,432.24,432.24
DJUSBK,06/25/2019,430.68,430.68,430.68,430.68
DJUSBK,06/24/2019,433.08,433.08,433.08,433.08
DJUSBK,06/21/2019,435.94,435.94,435.94,435.94
DJUSBK,06/20/2019,435.93,435.93,435.93,435.93
DJUSBK,06/19/2019,435.17,435.17,435.17,435.17
DJUSBK,06/18/2019,438.73,438.73,438.73,438.73
DJUSBK,06/17/2019,431.09,431.09,431.09,431.09
DJUSBK,06/14/2019,435.69,435.69,435.69,435.69
DJUSBK,06/13/2019,433.96,433.96,433.96,433.96
DJUSBK,06/12/2019,432.82,432.82,432.82,432.82
DJUSBK,06/11/2019,438.65,438.65,438.65,438.65
DJUSBK,06/10/2019,436.37,436.37,436.37,436.37
DJUSBK,06/07/2019,430.67,430.67,430.67,430.67
DJUSBK,06/06/2019,434.74,434.74,434.74,434.74
DJUSBK,06/05/2019,434.14,434.14,434.14,434.14
DJUSBK,06/04/2019,433.74,433.74,433.74,433.74
DJUSBK,06/03/2019,418.58,418.58,418.58,418.58
DJUSBK,05/31/2019,415.73,415.73,415.73,415.73
DJUSBK,05/30/2019,422.39,422.39,422.39,422.39
DJUSBK,05/29/2019,427.81,427.81,427.81,427.81
DJUSBK,05/28/2019,427.98,427.98,427.98,427.98
DJUSBK,05/27/2019,433.27,433.27,433.27,433.27
DJUSBK,05/24/2019,433.27,433.27,433.27,433.27
DJUSBK,05/23/2019,428.47,428.47,428.47,428.47
DJUSBK,05/22/2019,436.56,436.56,436.56,436.56
DJUSBK,05/21/2019,440.34,440.34,440.34,440.34
DJUSBK,05/20/2019,436.27,436.27,436.27,436.27
DJUSBK,05/17/2019,435.26,435.26,435.26,435.26
DJUSBK,05/16/2019,437.96,437.96,437.96,437.96
DJUSBK,05/15/2019,432.99,432.99,432.99,432.99
DJUSBK,05/14/2019,437.35,437.35,437.35,437.35
DJUSBK,05/13/2019,433.07,433.07,433.07,433.07
DJUSBK,05/10/2019,448.86,448.86,448.86,448.86
DJUSBK,05/09/2019,447.99,447.99,447.99,447.99
DJUSBK,05/08/2019,449.05,449.05,449.05,449.05
DJUSBK,05/07/2019,451.51,451.51,451.51,451.51
DJUSBK,05/06/2019,460.81,460.81,460.81,460.81
DJUSBK,05/03/2019,463.47,463.47,463.47,463.47
DJUSBK,05/02/2019,459.95,459.95,459.95,459.95
DJUSBK,05/01/2019,457.3,457.3,457.3,457.3
DJUSBK,04/30/2019,461.53,461.53,461.53,461.53
DJUSBK,04/29/2019,462.57,462.57,462.57,462.57
DJUSBK,04/26/2019,456.62,456.62,456.62,456.62
DJUSBK,04/25/2019,452.46,452.46,452.46,452.46
DJUSBK,04/24/2019,452.38,452.38,452.38,452.38
DJUSBK,04/23/2019,452.96,452.96,452.96,452.96
DJUSBK,04/22/2019,450.07,450.07,450.07,450.07
DJUSBK,04/19/2019,451.06,451.06,451.06,451.06
DJUSBK,04/18/2019,451.06,451.06,451.06,451.06
DJUSBK,04/17/2019,453.51,453.51,453.51,453.51
DJUSBK,04/16/2019,449.14,449.14,449.14,449.14
DJUSBK,04/15/2019,442.84,442.84,442.84,442.84
DJUSBK,04/12/2019,446.87,446.87,446.87,446.87
DJUSBK,04/11/2019,436.55,436.55,436.55,436.55
DJUSBK,04/10/2019,434.65,434.65,434.65,434.65
DJUSBK,04/09/2019,432.87,432.87,432.87,432.87
DJUSBK,04/08/2019,438.19,438.19,438.19,438.19
DJUSBK,04/05/2019,436.79,436.79,436.79,436.79
DJUSBK,04/04/2019,437.75,437.75,437.75,437.75
DJUSBK,04/03/2019,434.24,434.24,434.24,434.24
DJUSBK,04/02/2019,432.57,432.57,432.57,432.57
DJUSBK,04/01/2019,431.54,431.54,431.54,431.54
DJUSBK,03/29/2019,419.31,419.31,419.31,419.31
DJUSBK,03/28/2019,419.07,419.07,419.07,419.07
DJUSBK,03/27/2019,414.2,414.2,414.2,414.2
DJUSBK,03/26/2019,415.82,415.82,415.82,415.82
DJUSBK,03/25/2019,409.31,409.31,409.31,409.31
DJUSBK,03/22/2019,411.32,411.32,411.32,411.32
DJUSBK,03/21/2019,427.32,427.32,427.32,427.32
DJUSBK,03/20/2019,433.76,433.76,433.76,433.76
DJUSBK,03/19/2019,446.15,446.15,446.15,446.15
DJUSBK,03/18/2019,450.99,450.99,450.99,450.99
DJUSBK,03/15/2019,445.02,445.02,445.02,445.02
DJUSBK,03/14/2019,443.16,443.16,443.16,443.16
DJUSBK,03/13/2019,440.41,440.41,440.41,440.41
DJUSBK,03/12/2019,436.92,436.92,436.92,436.92
DJUSBK,03/11/2019,437.33,437.33,437.33,437.33
DJUSBK,03/08/2019,433.94,433.94,433.94,433.94
DJUSBK,03/07/2019,432.98,432.98,432.98,432.98
DJUSBK,03/06/2019,437.51,437.51,437.51,437.51
DJUSBK,03/05/2019,441.79,441.79,441.79,441.79
DJUSBK,03/04/2019,442.64,442.64,442.64,442.64
DJUSBK,03/01/2019,444.6,444.6,444.6,444.6
DJUSBK,02/28/2019,442.79,442.79,442.79,442.79
DJUSBK,02/27/2019,445.29,445.29,445.29,445.29
DJUSBK,02/26/2019,442.54,442.54,442.54,442.54
DJUSBK,02/25/2019,445.06,445.06,445.06,445.06
DJUSBK,02/22/2019,442.72,442.72,442.72,442.72
DJUSBK,02/21/2019,444.38,444.38,444.38,444.38
DJUSBK,02/20/2019,446.63,446.63,446.63,446.63
DJUSBK,02/19/2019,442.92,442.92,442.92,442.92
DJUSBK,02/18/2019,441.73,441.73,441.73,441.73
DJUSBK,02/15/2019,441.73,441.73,441.73,441.73
DJUSBK,02/14/2019,431.34,431.34,431.34,431.34
DJUSBK,02/13/2019,435.35,435.35,435.35,435.35
DJUSBK,02/12/2019,435.03,435.03,435.03,435.03
DJUSBK,02/11/2019,428.47,428.47,428.47,428.47
DJUSBK,02/08/2019,427.93,427.93,427.93,427.93
DJUSBK,02/07/2019,431.22,431.22,431.22,431.22
DJUSBK,02/06/2019,433.44,433.44,433.44,433.44
DJUSBK,02/05/2019,433.66,433.66,433.66,433.66
DJUSBK,02/04/2019,435.08,435.08,435.08,435.08
DJUSBK,02/01/2019,431.66,431.66,431.66,431.66
DJUSBK,01/31/2019,431.11,431.11,431.11,431.11
DJUSBK,01/30/2019,436.28,436.28,436.28,436.28
DJUSBK,01/29/2019,436.64,436.64,436.64,436.64
DJUSBK,01/28/2019,438.06,438.06,438.06,438.06
DJUSBK,01/25/2019,437.49,437.49,437.49,437.49
DJUSBK,01/24/2019,432.94,432.94,432.94,432.94
DJUSBK,01/23/2019,431.85,431.85,431.85,431.85
DJUSBK,01/22/2019,431.77,431.77,431.77,431.77
DJUSBK,01/21/2019,435.73,435.73,435.73,435.73
DJUSBK,01/18/2019,435.73,435.73,435.73,435.73
DJUSBK,01/17/2019,428.85,428.85,428.85,428.85
DJUSBK,01/16/2019,424.98,424.98,424.98,424.98
DJUSBK,01/15/2019,413.87,413.87,413.87,413.87
DJUSBK,01/14/2019,410.86,410.86,410.86,410.86
DJUSBK,01/11/2019,405.82,405.82,405.82,405.82
DJUSBK,01/10/2019,404.7,404.7,404.7,404.7
DJUSBK,01/09/2019,405.39,405.39,405.39,405.39
DJUSBK,01/08/2019,402.83,402.83,402.83,402.83
DJUSBK,01/07/2019,402.46,402.46,402.46,402.46
DJUSBK,01/04/2019,401.73,401.73,401.73,401.73
DJUSBK,01/03/2019,388.14,388.14,388.14,388.14
DJUSBK,01/02/2019,393.23,393.23,393.23,393.23
DJUSBK,12/31/2020,434.58,434.58,434.58,434.58
DJUSBK,12/30/2020,429.64,429.64,429.64,429.64
DJUSBK,12/29/2020,427.75,427.75,427.75,427.75
DJUSBK,12/28/2020,430.77,430.77,430.77,430.77
DJUSBK,12/25/2020,428.15,428.15,428.15,428.15
DJUSBK,12/24/2020,428.15,428.15,428.15,428.15
DJUSBK,12/23/2020,430.47,430.47,430.47,430.47
DJUSBK,12/22/2020,417.96,417.96,417.96,417.96
DJUSBK,12/21/2020,423.95,423.95,423.95,423.95
DJUSBK,12/18/2020,413.54,413.54,413.54,413.54
DJUSBK,12/17/2020,417.85,417.85,417.85,417.85
DJUSBK,12/16/2020,418.99,418.99,418.99,418.99
DJUSBK,12/15/2020,417.7,417.7,417.7,417.7
DJUSBK,12/14/2020,410.04,410.04,410.04,410.04
DJUSBK,12/11/2020,414.8,414.8,414.8,414.8
DJUSBK,12/10/2020,419.91,419.91,419.91,419.91
DJUSBK,12/09/2020,417.64,417.64,417.64,417.64
DJUSBK,12/08/2020,417.31,417.31,417.31,417.31
DJUSBK,12/07/2020,418.22,418.22,418.22,418.22
DJUSBK,12/04/2020,420.66,420.66,420.66,420.66
DJUSBK,12/03/2020,414.5,414.5,414.5,414.5
DJUSBK,12/02/2020,415.3,415.3,415.3,415.3
DJUSBK,12/01/2020,408.27,408.27,408.27,408.27
DJUSBK,11/30/2020,400.36,400.36,400.36,400.36
DJUSBK,11/27/2020,412.67,412.67,412.67,412.67
DJUSBK,11/26/2020,415.61,415.61,415.61,415.61
DJUSBK,11/25/2020,415.61,415.61,415.61,415.61
DJUSBK,11/24/2020,418.66,418.66,418.66,418.66
DJUSBK,11/23/2020,396.92,396.92,396.92,396.92
DJUSBK,11/20/2020,387.5,387.5,387.5,387.5
DJUSBK,11/19/2020,391.83,391.83,391.83,391.83
DJUSBK,11/18/2020,389.19,389.19,389.19,389.19
DJUSBK,11/17/2020,392.93,392.93,392.93,392.93
DJUSBK,11/16/2020,394.46,394.46,394.46,394.46
DJUSBK,11/13/2020,382.66,382.66,382.66,382.66
DJUSBK,11/12/2020,377.47,377.47,377.47,377.47
DJUSBK,11/11/2020,385.38,385.38,385.38,385.38
DJUSBK,11/10/2020,389.74,389.74,389.74,389.74
DJUSBK,11/09/2020,389.68,389.68,389.68,389.68
DJUSBK,11/06/2020,343.83,343.83,343.83,343.83
DJUSBK,11/05/2020,350.2,350.2,350.2,350.2
DJUSBK,11/04/2020,336.97,336.97,336.97,336.97
DJUSBK,11/03/2020,351.88,351.88,351.88,351.88
DJUSBK,11/02/2020,342.49,342.49,342.49,342.49
DJUSBK,10/30/2020,334.87,334.87,334.87,334.87
DJUSBK,10/29/2020,331.41,331.41,331.41,331.41
DJUSBK,10/28/2020,327.74,327.74,327.74,327.74
DJUSBK,10/27/2020,334.93,334.93,334.93,334.93
DJUSBK,10/26/2020,344.79,344.79,344.79,344.79
DJUSBK,10/23/2020,352.26,352.26,352.26,352.26
DJUSBK,10/22/2020,350.07,350.07,350.07,350.07
DJUSBK,10/21/2020,338.01,338.01,338.01,338.01
DJUSBK,10/20/2020,340.23,340.23,340.23,340.23
DJUSBK,10/19/2020,335.57,335.57,335.57,335.57
DJUSBK,10/16/2020,340.17,340.17,340.17,340.17
DJUSBK,10/15/2020,340.72,340.72,340.72,340.72
DJUSBK,10/14/2020,335.89,335.89,335.89,335.89
DJUSBK,10/13/2020,343.74,343.74,343.74,343.74
DJUSBK,10/12/2020,353.48,353.48,353.48,353.48
DJUSBK,10/09/2020,349.02,349.02,349.02,349.02
DJUSBK,10/08/2020,350.13,350.13,350.13,350.13
DJUSBK,10/07/2020,344.77,344.77,344.77,344.77
DJUSBK,10/06/2020,337.13,337.13,337.13,337.13
DJUSBK,10/05/2020,340.16,340.16,340.16,340.16
DJUSBK,10/02/2020,332.47,332.47,332.47,332.47
DJUSBK,10/01/2020,327.55,327.55,327.55,327.55
DJUSBK,09/30/2020,326.01,326.01,326.01,326.01
DJUSBK,09/29/2020,321.71,321.71,321.71,321.71
DJUSBK,09/28/2020,326.27,326.27,326.27,326.27
DJUSBK,09/25/2020,317.42,317.42,317.42,317.42
DJUSBK,09/24/2020,314.2,314.2,314.2,314.2
DJUSBK,09/23/2020,312.83,312.83,312.83,312.83
DJUSBK,09/22/2020,320.62,320.62,320.62,320.62
DJUSBK,09/21/2020,326.73,326.73,326.73,326.73
DJUSBK,09/18/2020,338.44,338.44,338.44,338.44
DJUSBK,09/17/2020,340.14,340.14,340.14,340.14
DJUSBK,09/16/2020,343.99,343.99,343.99,343.99
DJUSBK,09/15/2020,339.33,339.33,339.33,339.33
DJUSBK,09/14/2020,347.81,347.81,347.81,347.81
DJUSBK,09/11/2020,343.52,343.52,343.52,343.52
DJUSBK,09/10/2020,339.31,339.31,339.31,339.31
DJUSBK,09/09/2020,343.72,343.72,343.72,343.72
DJUSBK,09/08/2020,342.98,342.98,342.98,342.98
DJUSBK,09/07/2020,355.82,355.82,355.82,355.82
DJUSBK,09/04/2020,355.82,355.82,355.82,355.82
DJUSBK,09/03/2020,347.98,347.98,347.98,347.98
DJUSBK,09/02/2020,350.21,350.21,350.21,350.21
DJUSBK,09/01/2020,345.5,345.5,345.5,345.5
DJUSBK,08/31/2020,345.11,345.11,345.11,345.11
DJUSBK,08/28/2020,352.69,352.69,352.69,352.69
DJUSBK,08/27/2020,350.95,350.95,350.95,350.95
DJUSBK,08/26/2020,342.63,342.63,342.63,342.63
DJUSBK,08/25/2020,348.58,348.58,348.58,348.58
DJUSBK,08/24/2020,346.4,346.4,346.4,346.4
DJUSBK,08/21/2020,335.06,335.06,335.06,335.06
DJUSBK,08/20/2020,336.43,336.43,336.43,336.43
DJUSBK,08/19/2020,341.71,341.71,341.71,341.71
DJUSBK,08/18/2020,341.45,341.45,341.45,341.45
DJUSBK,08/17/2020,348.0,348.0,348.0,348.0
DJUSBK,08/14/2020,356.28,356.28,356.28,356.28
DJUSBK,08/13/2020,354.26,354.26,354.26,354.26
DJUSBK,08/12/2020,358.94,358.94,358.94,358.94
DJUSBK,08/11/2020,361.5,361.5,361.5,361.5
DJUSBK,08/10/2020,353.17,353.17,353.17,353.17
DJUSBK,08/07/2020,349.4,349.4,349.4,349.4
DJUSBK,08/06/2020,339.83,339.83,339.83,339.83
DJUSBK,08/05/2020,340.47,340.47,340.47,340.47
DJUSBK,08/04/2020,334.86,334.86,334.86,334.86
DJUSBK,08/03/2020,336.6,336.6,336.6,336.6
DJUSBK,07/31/2020,336.8,336.8,336.8,336.8
DJUSBK,07/30/2020,338.5,338.5,338.5,338.5
DJUSBK,07/29/2020,347.19,347.19,347.19,347.19
DJUSBK,07/28/2020,337.03,337.03,337.03,337.03
DJUSBK,07/27/2020,336.58,336.58,336.58,336.58
DJUSBK,07/24/2020,342.33,342.33,342.33,342.33
DJUSBK,07/23/2020,344.24,344.24,344.24,344.24
DJUSBK,07/22/2020,340.63,340.63,340.63,340.63
DJUSBK,07/21/2020,342.54,342.54,342.54,342.54
DJUSBK,07/20/2020,329.96,329.96,329.96,329.96
DJUSBK,07/17/2020,332.04,332.04,332.04,332.04
DJUSBK,07/16/2020,340.07,340.07,340.07,340.07
DJUSBK,07/15/2020,341.51,341.51,341.51,341.51
DJUSBK,07/14/2020,330.9,330.9,330.9,330.9
DJUSBK,07/13/2020,335.15,335.15,335.15,335.15
DJUSBK,07/10/2020,332.36,332.36,332.36,332.36
DJUSBK,07/09/2020,315.34,315.34,315.34,315.34
DJUSBK,07/08/2020,323.96,323.96,323.96,323.96
DJUSBK,07/07/2020,322.06,322.06,322.06,322.06
DJUSBK,07/06/2020,332.78,332.78,332.78,332.78
DJUSBK,07/03/2020,326.97,326.97,326.97,326.97
DJUSBK,07/02/2020,326.97,326.97,326.97,326.97
DJUSBK,07/01/2020,327.42,327.42,327.42,327.42
DJUSBK,06/30/2020,334.55,334.55,334.55,334.55
DJUSBK,06/29/2020,329.44,329.44,329.44,329.44
DJUSBK,06/26/2020,324.65,324.65,324.65,324.65
DJUSBK,06/24/2020,333.87,333.87,333.87,333.87
DJUSBK,06/23/2020,348.66,348.66,348.66,348.66
DJUSBK,06/22/2020,346.98,346.98,346.98,346.98
DJUSBK,06/19/2020,350.89,350.89,350.89,350.89
DJUSBK,06/18/2020,352.96,352.96,352.96,352.96
DJUSBK,06/17/2020,352.89,352.89,352.89,352.89
DJUSBK,06/16/2020,363.07,363.07,363.07,363.07
DJUSBK,06/15/2020,355.65,355.65,355.65,355.65
DJUSBK,06/12/2020,350.5,350.5,350.5,350.5
DJUSBK,06/11/2020,337.31,337.31,337.31,337.31
DJUSBK,06/10/2020,373.03,373.03,373.03,373.03
DJUSBK,06/09/2020,396.34,396.34,396.34,396.34
DJUSBK,06/08/2020,405.96,405.96,405.96,405.96
DJUSBK,06/05/2020,394.73,394.73,394.73,394.73
DJUSBK,06/04/2020,375.88,375.88,375.88,375.88
DJUSBK,06/03/2020,363.81,363.81,363.81,363.81
DJUSBK,06/02/2020,345.74,345.74,345.74,345.74
DJUSBK,06/01/2020,343.81,343.81,343.81,343.81
DJUSBK,05/29/2020,337.62,337.62,337.62,337.62
DJUSBK,05/28/2020,346.68,346.68,346.68,346.68
DJUSBK,05/27/2020,357.9,357.9,357.9,357.9
DJUSBK,05/26/2020,335.35,335.35,335.35,335.35
DJUSBK,05/25/2020,310.94,310.94,310.94,310.94
DJUSBK,05/22/2020,310.94,310.94,310.94,310.94
DJUSBK,05/21/2020,313.68,313.68,313.68,313.68
DJUSBK,05/20/2020,315.83,315.83,315.83,315.83
DJUSBK,05/19/2020,305.46,305.46,305.46,305.46
DJUSBK,05/18/2020,316.15,316.15,316.15,316.15
DJUSBK,05/15/2020,294.03,294.03,294.03,294.03
DJUSBK,05/14/2020,298.52,298.52,298.52,298.52
DJUSBK,05/13/2020,287.09,287.09,287.09,287.09
DJUSBK,05/12/2020,300.82,300.82,300.82,300.82
DJUSBK,05/11/2020,312.5,312.5,312.5,312.5
DJUSBK,05/08/2020,324.43,324.43,324.43,324.43
DJUSBK,05/07/2020,315.52,315.52,315.52,315.52
DJUSBK,05/06/2020,310.66,310.66,310.66,310.66
DJUSBK,05/05/2020,316.93,316.93,316.93,316.93
DJUSBK,05/04/2020,321.59,321.59,321.59,321.59
DJUSBK,05/01/2020,324.73,324.73,324.73,324.73
DJUSBK,04/30/2020,338.61,338.61,338.61,338.61
DJUSBK,04/29/2020,349.9,349.9,349.9,349.9
DJUSBK,04/28/2020,335.66,335.66,335.66,335.66
DJUSBK,04/27/2020,331.05,331.05,331.05,331.05
DJUSBK,04/24/2020,313.23,313.23,313.23,313.23
DJUSBK,04/23/2020,307.72,307.72,307.72,307.72
DJUSBK,04/22/2020,306.23,306.23,306.23,306.23
DJUSBK,04/21/2020,304.91,304.91,304.91,304.91
DJUSBK,04/20/2020,315.6,315.6,315.6,315.6
DJUSBK,04/17/2020,322.65,322.65,322.65,322.65
DJUSBK,04/16/2020,295.56,295.56,295.56,295.56
DJUSBK,04/15/2020,308.07,308.07,308.07,308.07
DJUSBK,04/14/2020,327.65,327.65,327.65,327.65
DJUSBK,04/13/2020,334.81,334.81,334.81,334.81
DJUSBK,04/10/2020,350.13,350.13,350.13,350.13
DJUSBK,04/09/2020,350.13,350.13,350.13,350.13
DJUSBK,04/08/2020,324.64,324.64,324.64,324.64
DJUSBK,04/07/2020,308.64,308.64,308.64,308.64
DJUSBK,04/06/2020,303.04,303.04,303.04,303.04
DJUSBK,04/03/2020,280.38,280.38,280.38,280.38
DJUSBK,04/02/2020,291.89,291.89,291.89,291.89
DJUSBK,04/01/2020,283.73,283.73,283.73,283.73
DJUSBK,03/31/2020,305.05,305.05,305.05,305.05
DJUSBK,03/30/2020,316.86,316.86,316.86,316.86
DJUSBK,03/27/2020,314.04,314.04,314.04,314.04
DJUSBK,03/26/2020,329.18,329.18,329.18,329.18
DJUSBK,03/25/2020,303.87,303.87,303.87,303.87
DJUSBK,03/24/2020,297.97,297.97,297.97,297.97
DJUSBK,03/23/2020,263.42,263.42,263.42,263.42
DJUSBK,03/20/2020,283.98,283.98,283.98,283.98
DJUSBK,03/19/2020,297.22,297.22,297.22,297.22
DJUSBK,03/18/2020,287.47,287.47,287.47,287.47
DJUSBK,03/17/2020,313.74,313.74,313.74,313.74
DJUSBK,03/16/2020,294.67,294.67,294.67,294.67
DJUSBK,03/13/2020,347.66,347.66,347.66,347.66
DJUSBK,03/12/2020,300.95,300.95,300.95,300.95
DJUSBK,03/11/2020,335.32,335.32,335.32,335.32
DJUSBK,03/10/2020,356.95,356.95,356.95,356.95
DJUSBK,03/09/2020,331.69,331.69,331.69,331.69
DJUSBK,03/06/2020,387.32,387.32,387.32,387.32
DJUSBK,03/05/2020,405.88,405.88,405.88,405.88
DJUSBK,03/04/2020,430.03,430.03,430.03,430.03
DJUSBK,03/03/2020,420.22,420.22,420.22,420.22
DJUSBK,03/02/2020,439.07,439.07,439.07,439.07
DJUSBK,02/28/2020,420.2,420.2,420.2,420.2
DJUSBK,02/27/2020,433.83,433.83,433.83,433.83
DJUSBK,02/26/2020,454.38,454.38,454.38,454.38
DJUSBK,02/25/2020,459.73,459.73,459.73,459.73
DJUSBK,02/24/2020,480.41,480.41,480.41,480.41
DJUSBK,02/21/2020,497.3,497.3,497.3,497.3
DJUSBK,02/20/2020,502.93,502.93,502.93,502.93
DJUSBK,02/19/2020,500.69,500.69,500.69,500.69
DJUSBK,02/18/2020,495.95,495.95,495.95,495.95
DJUSBK,02/17/2020,503.86,503.86,503.86,503.86
DJUSBK,02/14/2020,503.86,503.86,503.86,503.86
DJUSBK,02/13/2020,505.22,505.22,505.22,505.22
DJUSBK,02/12/2020,504.38,504.38,504.38,504.38
DJUSBK,02/11/2020,503.9,503.9,503.9,503.9
DJUSBK,02/10/2020,501.57,501.57,501.57,501.57
DJUSBK,02/07/2020,500.98,500.98,500.98,500.98
DJUSBK,02/06/2020,502.9,502.9,502.9,502.9
DJUSBK,02/05/2020,505.07,505.07,505.07,505.07
DJUSBK,02/04/2020,493.56,493.56,493.56,493.56
DJUSBK,02/03/2020,486.81,486.81,486.81,486.81
DJUSBK,01/31/2020,482.77,482.77,482.77,482.77
DJUSBK,01/30/2020,494.0,494.0,494.0,494.0
DJUSBK,01/29/2020,488.77,488.77,488.77,488.77
DJUSBK,01/28/2020,492.2,492.2,492.2,492.2
DJUSBK,01/27/2020,486.79,486.79,486.79,486.79
DJUSBK,01/24/2020,493.82,493.82,493.82,493.82
DJUSBK,01/23/2020,503.28,503.28,503.28,503.28
DJUSBK,01/22/2020,504.33,504.33,504.33,504.33
DJUSBK,01/21/2020,504.09,504.09,504.09,504.09
DJUSBK,01/20/2020,509.62,509.62,509.62,509.62
DJUSBK,01/17/2020,509.62,509.62,509.62,509.62
DJUSBK,01/16/2020,508.09,508.09,508.09,508.09
DJUSBK,01/15/2020,504.73,504.73,504.73,504.73
DJUSBK,01/14/2020,513.5,513.5,513.5,513.5
DJUSBK,01/13/2020,513.28,513.28,513.28,513.28
DJUSBK,01/10/2020,510.07,510.07,510.07,510.07
DJUSBK,01/09/2020,514.69,514.69,514.69,514.69
DJUSBK,01/08/2020,512.81,512.81,512.81,512.81
DJUSBK,01/07/2020,509.29,509.29,509.29,509.29
DJUSBK,01/06/2020,514.49,514.49,514.49,514.49
DJUSBK,01/03/2020,516.9,516.9,516.9,516.9
DJUSBK,01/02/2020,524.68,524.68,524.68,524.68
DJUSBK,12/31/2021,578.47,578.47,578.47,578.47
DJUSBK,12/30/2021,578.91,578.91,578.91,578.91
DJUSBK,12/29/2021,580.74,580.74,580.74,580.74
DJUSBK,12/28/2021,580.79,580.79,580.79,580.79
DJUSBK,12/27/2021,580.53,580.53,580.53,580.53
DJUSBK,12/24/2021,575.34,575.34,575.34,575.34
DJUSBK,12/23/2021,575.34,575.34,575.34,575.34
DJUSBK,12/22/2021,572.36,572.36,572.36,572.36
DJUSBK,12/21/2021,570.06,570.06,570.06,570.06
DJUSBK,12/20/2021,557.58,557.58,557.58,557.58
DJUSBK,12/17/2021,568.62,568.62,568.62,568.62
DJUSBK,12/16/2021,585.24,585.24,585.24,585.24
DJUSBK,12/15/2021,576.83,576.83,576.83,576.83
DJUSBK,12/14/2021,577.62,577.62,577.62,577.62
DJUSBK,12/13/2021,572.39,572.39,572.39,572.39
DJUSBK,12/10/2021,584.38,584.38,584.38,584.38
DJUSBK,12/09/2021,585.21,585.21,585.21,585.21
DJUSBK,12/08/2021,585.78,585.78,585.78,585.78
DJUSBK,12/07/2021,591.63,591.63,591.63,591.63
DJUSBK,12/06/2021,583.08,583.08,583.08,583.08
DJUSBK,12/03/2021,574.45,574.45,574.45,574.45
DJUSBK,12/02/2021,587.93,587.93,587.93,587.93
DJUSBK,12/01/2021,571.46,571.46,571.46,571.46
DJUSBK,11/30/2021,578.1,578.1,578.1,578.1
DJUSBK,11/29/2021,592.22,592.22,592.22,592.22
DJUSBK,11/26/2021,591.63,591.63,591.63,591.63
DJUSBK,11/25/2021,616.18,616.18,616.18,616.18
DJUSBK,11/24/2021,616.18,616.18,616.18,616.18
DJUSBK,11/23/2021,618.32,618.32,618.32,618.32
DJUSBK,11/22/2021,606.18,606.18,606.18,606.18
DJUSBK,11/19/2021,594.42,594.42,594.42,594.42
DJUSBK,11/18/2021,603.42,603.42,603.42,603.42
DJUSBK,11/17/2021,606.12,606.12,606.12,606.12
DJUSBK,11/16/2021,612.14,612.14,612.14,612.14
DJUSBK,11/15/2021,614.27,614.27,614.27,614.27
DJUSBK,11/12/2021,613.03,613.03,613.03,613.03
DJUSBK,11/11/2021,615.58,615.58,615.58,615.58
DJUSBK,11/10/2021,613.32,613.32,613.32,613.32
DJUSBK,11/09/2021,612.36,612.36,612.36,612.36
DJUSBK,11/08/2021,616.79,616.79,616.79,616.79
DJUSBK,11/05/2021,612.91,612.91,612.91,612.91
DJUSBK,11/04/2021,613.18,613.18,613.18,613.18
DJUSBK,11/03/2021,625.4,625.4,625.4,625.4
DJUSBK,11/02/2021,618.54,618.54,618.54,618.54
DJUSBK,11/01/2021,619.49,619.49,619.49,619.49
DJUSBK,10/29/2021,614.56,614.56,614.56,614.56
DJUSBK,10/28/2021,617.74,617.74,617.74,617.74
DJUSBK,10/27/2021,609.05,609.05,609.05,609.05
DJUSBK,10/26/2021,622.73,622.73,622.73,622.73
DJUSBK,10/25/2021,622.64,622.64,622.64,622.64
DJUSBK,10/22/2021,624.36,624.36,624.36,624.36
DJUSBK,10/21/2021,615.75,615.75,615.75,615.75
DJUSBK,10/20/2021,619.47,619.47,619.47,619.47
DJUSBK,10/19/2021,610.61,610.61,610.61,610.61
DJUSBK,10/18/2021,604.67,604.67,604.67,604.67
DJUSBK,10/15/2021,602.87,602.87,602.87,602.87
DJUSBK,10/14/2021,591.26,591.26,591.26,591.26
DJUSBK,10/13/2021,582.82,582.82,582.82,582.82
DJUSBK,10/12/2021,589.73,589.73,589.73,589.73
DJUSBK,10/11/2021,593.11,593.11,593.11,593.11
DJUSBK,10/08/2021,601.46,601.46,601.46,601.46
DJUSBK,10/07/2021,599.21,599.21,599.21,599.21
DJUSBK,10/06/2021,597.03,597.03,597.03,597.03
DJUSBK,10/05/2021,597.66,597.66,597.66,597.66
DJUSBK,10/04/2021,590.06,590.06,590.06,590.06
DJUSBK,10/01/2021,589.86,589.86,589.86,589.86
DJUSBK,09/30/2021,578.54,578.54,578.54,578.54
DJUSBK,09/29/2021,587.0,587.0,587.0,587.0
DJUSBK,09/28/2021,584.69,584.69,584.69,584.69
DJUSBK,09/27/2021,591.05,591.05,591.05,591.05
DJUSBK,09/24/2021,577.04,577.04,577.04,577.04
DJUSBK,09/23/2021,571.73,571.73,571.73,571.73
DJUSBK,09/22/2021,552.96,552.96,552.96,552.96
DJUSBK,09/21/2021,541.79,541.79,541.79,541.79
DJUSBK,09/20/2021,541.78,541.78,541.78,541.78
DJUSBK,09/17/2021,557.84,557.84,557.84,557.84
DJUSBK,09/16/2021,558.28,558.28,558.28,558.28
DJUSBK,09/15/2021,559.01,559.01,559.01,559.01
DJUSBK,09/14/2021,551.67,551.67,551.67,551.67
DJUSBK,09/13/2021,562.34,562.34,562.34,562.34
DJUSBK,09/10/2021,552.22,552.22,552.22,552.22
DJUSBK,09/09/2021,557.52,557.52,557.52,557.52
DJUSBK,09/08/2021,554.45,554.45,554.45,554.45
DJUSBK,09/07/2021,559.22,559.22,559.22,559.22
DJUSBK,09/06/2021,559.33,559.33,559.33,559.33
DJUSBK,09/03/2021,559.33,559.33,559.33,559.33
DJUSBK,09/02/2021,561.62,561.62,561.62,561.62
DJUSBK,09/01/2021,558.57,558.57,558.57,558.57
DJUSBK,08/31/2021,565.61,565.61,565.61,565.61
DJUSBK,08/30/2021,568.25,568.25,568.25,568.25
DJUSBK,08/27/2021,580.11,580.11,580.11,580.11
DJUSBK,08/26/2021,572.11,572.11,572.11,572.11
DJUSBK,08/25/2021,574.89,574.89,574.89,574.89
DJUSBK,08/24/2021,565.22,565.22,565.22,565.22
DJUSBK,08/23/2021,558.99,558.99,558.99,558.99
DJUSBK,08/20/2021,553.11,553.11,553.11,553.11
DJUSBK,08/19/2021,549.51,549.51,549.51,549.51
DJUSBK,08/18/2021,556.41,556.41,556.41,556.41
DJUSBK,08/17/2021,561.9,561.9,561.9,561.9
DJUSBK,08/16/2021,568.65,568.65,568.65,568.65
DJUSBK,08/13/2021,573.4,573.4,573.4,573.4
DJUSBK,08/12/2021,580.63,580.63,580.63,580.63
DJUSBK,08/11/2021,579.68,579.68,579.68,579.68
DJUSBK,08/10/2021,570.75,570.75,570.75,570.75
DJUSBK,08/09/2021,562.88,562.88,562.88,562.88
DJUSBK,08/06/2021,562.1,562.1,562.1,562.1
DJUSBK,08/05/2021,547.2,547.2,547.2,547.2
DJUSBK,08/04/2021,538.33,538.33,538.33,538.33
DJUSBK,08/03/2021,543.75,543.75,543.75,543.75
DJUSBK,08/02/2021,534.83,534.83,534.83,534.83
DJUSBK,07/30/2021,537.83,537.83,537.83,537.83
DJUSBK,07/29/2021,544.3,544.3,544.3,544.3
DJUSBK,07/28/2021,538.68,538.68,538.68,538.68
DJUSBK,07/27/2021,536.48,536.48,536.48,536.48
DJUSBK,07/26/2021,537.24,537.24,537.24,537.24
DJUSBK,07/23/2021,532.67,532.67,532.67,532.67
DJUSBK,07/22/2021,533.43,533.43,533.43,533.43
DJUSBK,07/21/2021,541.7,541.7,541.7,541.7
DJUSBK,07/20/2021,530.79,530.79,530.79,530.79
DJUSBK,07/19/2021,517.35,517.35,517.35,517.35
DJUSBK,07/16/2021,535.0,535.0,535.0,535.0
DJUSBK,07/15/2021,548.75,548.75,548.75,548.75
DJUSBK,07/14/2021,545.57,545.57,545.57,545.57
DJUSBK,07/13/2021,547.04,547.04,547.04,547.04
DJUSBK,07/12/2021,556.47,556.47,556.47,556.47
DJUSBK,07/09/2021,549.95,549.95,549.95,549.95
DJUSBK,07/08/2021,531.05,531.05,531.05,531.05
DJUSBK,07/07/2021,541.52,541.52,541.52,541.52
DJUSBK,07/06/2021,543.35,543.35,543.35,543.35
DJUSBK,07/05/2021,557.5,557.5,557.5,557.5
DJUSBK,07/02/2021,557.5,557.5,557.5,557.5
DJUSBK,07/01/2021,561.09,561.09,561.09,561.09
DJUSBK,06/30/2021,556.21,556.21,556.21,556.21
DJUSBK,06/29/2021,552.1,552.1,552.1,552.1
DJUSBK,06/28/2021,557.87,557.87,557.87,557.87
DJUSBK,06/25/2021,562.18,562.18,562.18,562.18
DJUSBK,06/24/2021,553.56,553.56,553.56,553.56
DJUSBK,06/23/2021,545.18,545.18,545.18,545.18
DJUSBK,06/22/2021,541.88,541.88,541.88,541.88
DJUSBK,06/21/2021,540.95,540.95,540.95,540.95
DJUSBK,06/18/2021,527.22,527.22,527.22,527.22
DJUSBK,06/17/2021,540.78,540.78,540.78,540.78
DJUSBK,06/16/2021,565.32,565.32,565.32,565.32
DJUSBK,06/15/2021,563.46,563.46,563.46,563.46
DJUSBK,06/14/2021,564.1,564.1,564.1,564.1
DJUSBK,06/11/2021,573.35,573.35,573.35,573.35
DJUSBK,06/10/2021,571.68,571.68,571.68,571.68
DJUSBK,06/09/2021,581.48,581.48,581.48,581.48
DJUSBK,06/08/2021,589.86,589.86,589.86,589.86
DJUSBK,06/07/2021,592.16,592.16,592.16,592.16
DJUSBK,06/04/2021,593.49,593.49,593.49,593.49
DJUSBK,06/03/2021,593.36,593.36,593.36,593.36
DJUSBK,06/02/2021,592.92,592.92,592.92,592.92
DJUSBK,06/01/2021,594.73,594.73,594.73,594.73
DJUSBK,05/31/2021,588.94,588.94,588.94,588.94
DJUSBK,05/28/2021,588.94,588.94,588.94,588.94
DJUSBK,05/27/2021,589.71,589.71,589.71,589.71
DJUSBK,05/26/2021,581.2,581.2,581.2,581.2
DJUSBK,05/25/2021,578.64,578.64,578.64,578.64
DJUSBK,05/24/2021,586.14,586.14,586.14,586.14
DJUSBK,05/21/2021,584.15,584.15,584.15,584.15
DJUSBK,05/20/2021,577.24,577.24,577.24,577.24
DJUSBK,05/19/2021,579.56,579.56,579.56,579.56
DJUSBK,05/18/2021,584.37,584.37,584.37,584.37
DJUSBK,05/17/2021,593.94,593.94,593.94,593.94
DJUSBK,05/14/2021,589.84,589.84,589.84,589.84
DJUSBK,05/13/2021,580.85,580.85,580.85,580.85
DJUSBK,05/12/2021,568.03,568.03,568.03,568.03
DJUSBK,05/11/2021,575.16,575.16,575.16,575.16
DJUSBK,05/10/2021,582.43,582.43,582.43,582.43
DJUSBK,05/07/2021,584.02,584.02,584.02,584.02
DJUSBK,05/06/2021,581.95,581.95,581.95,581.95
DJUSBK,05/05/2021,573.9,573.9,573.9,573.9
DJUSBK,05/04/2021,568.46,568.46,568.46,568.46
DJUSBK,05/03/2021,560.85,560.85,560.85,560.85
DJUSBK,04/30/2021,559.99,559.99,559.99,559.99
DJUSBK,04/29/2021,568.8,568.8,568.8,568.8
DJUSBK,04/28/2021,557.67,557.67,557.67,557.67
DJUSBK,04/27/2021,555.67,555.67,555.67,555.67
DJUSBK,04/26/2021,550.21,550.21,550.21,550.21
DJUSBK,04/23/2021,546.18,546.18,546.18,546.18
DJUSBK,04/22/2021,532.4,532.4,532.4,532.4
DJUSBK,04/21/2021,540.78,540.78,540.78,540.78
DJUSBK,04/20/2021,531.92,531.92,531.92,531.92
DJUSBK,04/19/2021,547.85,547.85,547.85,547.85
DJUSBK,04/16/2021,549.88,549.88,549.88,549.88
DJUSBK,04/15/2021,542.98,542.98,542.98,542.98
DJUSBK,04/14/2021,547.45,547.45,547.45,547.45
DJUSBK,04/13/2021,542.72,542.72,542.72,542.72
DJUSBK,04/12/2021,551.82,551.82,551.82,551.82
DJUSBK,04/09/2021,549.9,549.9,549.9,549.9
DJUSBK,04/08/2021,545.27,545.27,545.27,545.27
DJUSBK,04/07/2021,546.5,546.5,546.5,546.5
DJUSBK,04/06/2021,542.5,542.5,542.5,542.5
DJUSBK,04/05/2021,543.92,543.92,543.92,543.92
DJUSBK,04/02/2021,543.02,543.02,543.02,543.02
DJUSBK,04/01/2021,543.02,543.02,543.02,543.02
DJUSBK,03/31/2021,536.82,536.82,536.82,536.82
DJUSBK,03/30/2021,542.4,542.4,542.4,542.4
DJUSBK,03/29/2021,532.44,532.44,532.44,532.44
DJUSBK,03/26/2021,544.18,544.18,544.18,544.18
DJUSBK,03/25/2021,533.94,533.94,533.94,533.94
DJUSBK,03/24/2021,521.67,521.67,521.67,521.67
DJUSBK,03/23/2021,521.68,521.68,521.68,521.68
DJUSBK,03/22/2021,531.3,531.3,531.3,531.3
DJUSBK,03/19/2021,544.09,544.09,544.09,544.09
DJUSBK,03/18/2021,552.5,552.5,552.5,552.5
DJUSBK,03/17/2021,543.96,543.96,543.96,543.96
DJUSBK,03/16/2021,539.36,539.36,539.36,539.36
DJUSBK,03/15/2021,545.32,545.32,545.32,545.32
DJUSBK,03/12/2021,549.67,549.67,549.67,549.67
DJUSBK,03/11/2021,539.67,539.67,539.67,539.67
DJUSBK,03/10/2021,541.5,541.5,541.5,541.5
DJUSBK,03/09/2021,528.07,528.07,528.07,528.07
DJUSBK,03/08/2021,537.28,537.28,537.28,537.28
DJUSBK,03/05/2021,527.53,527.53,527.53,527.53
DJUSBK,03/04/2021,520.74,520.74,520.74,520.74
DJUSBK,03/03/2021,526.29,526.29,526.29,526.29
DJUSBK,03/02/2021,518.35,518.35,518.35,518.35
DJUSBK,03/01/2021,521.65,521.65,521.65,521.65
DJUSBK,02/26/2021,506.28,506.28,506.28,506.28
DJUSBK,02/25/2021,521.25,521.25,521.25,521.25
DJUSBK,02/24/2021,531.62,531.62,531.62,531.62
DJUSBK,02/23/2021,518.43,518.43,518.43,518.43
DJUSBK,02/22/2021,513.75,513.75,513.75,513.75
DJUSBK,02/19/2021,508.55,508.55,508.55,508.55
DJUSBK,02/18/2021,497.28,497.28,497.28,497.28
DJUSBK,02/17/2021,499.14,499.14,499.14,499.14
DJUSBK,02/16/2021,495.79,495.79,495.79,495.79
DJUSBK,02/15/2021,482.77,482.77,482.77,482.77
DJUSBK,02/12/2021,482.77,482.77,482.77,482.77
DJUSBK,02/11/2021,476.18,476.18,476.18,476.18
DJUSBK,02/10/2021,478.93,478.93,478.93,478.93
DJUSBK,02/09/2021,478.24,478.24,478.24,478.24
DJUSBK,02/08/2021,478.53,478.53,478.53,478.53
DJUSBK,02/05/2021,469.98,469.98,469.98,469.98
DJUSBK,02/04/2021,471.07,471.07,471.07,471.07
DJUSBK,02/03/2021,458.38,458.38,458.38,458.38
DJUSBK,02/02/2021,451.18,451.18,451.18,451.18
DJUSBK,02/01/2021,438.36,438.36,438.36,438.36
DJUSBK,01/29/2021,434.03,434.03,434.03,434.03
DJUSBK,01/28/2021,443.83,443.83,443.83,443.83
DJUSBK,01/27/2021,435.8,435.8,435.8,435.8
DJUSBK,01/26/2021,450.58,450.58,450.58,450.58
DJUSBK,01/25/2021,454.72,454.72,454.72,454.72
DJUSBK,01/22/2021,458.61,458.61,458.61,458.61
DJUSBK,01/21/2021,459.55,459.55,459.55,459.55
DJUSBK,01/20/2021,465.96,465.96,465.96,465.96
DJUSBK,01/19/2021,471.9,471.9,471.9,471.9
DJUSBK,01/18/2021,471.68,471.68,471.68,471.68
DJUSBK,01/15/2021,471.68,471.68,471.68,471.68
DJUSBK,01/14/2021,487.41,487.41,487.41,487.41
DJUSBK,01/13/2021,479.82,479.82,479.82,479.82
DJUSBK,01/12/2021,481.53,481.53,481.53,481.53
DJUSBK,01/11/2021,474.14,474.14,474.14,474.14
DJUSBK,01/08/2021,468.27,468.27,468.27,468.27
DJUSBK,01/07/2021,471.52,471.52,471.52,471.52
DJUSBK,01/06/2021,460.17,460.17,460.17,460.17
DJUSBK,01/05/2021,433.85,433.85,433.85,433.85
DJUSBK,01/04/2021,430.13,430.13,430.13,430.13
DJUSBK,12/29/2022,458.91,458.91,458.91,458.91
DJUSBK,12/28/2022,453.9,453.9,453.9,453.9
DJUSBK,12/27/2022,453.43,453.43,453.43,453.43
DJUSBK,12/26/2022,451.92,451.92,451.92,451.92
DJUSBK,12/22/2022,449.74,449.74,449.74,449.74
DJUSBK,12/21/2022,452.72,452.72,452.72,452.72
DJUSBK,12/20/2022,446.59,446.59,446.59,446.59
DJUSBK,12/19/2022,446.23,446.23,446.23,446.23
DJUSBK,12/16/2022,444.21,444.21,444.21,444.21
DJUSBK,12/15/2022,446.75,446.75,446.75,446.75
DJUSBK,12/14/2022,455.47,455.47,455.47,455.47
DJUSBK,12/13/2022,461.48,461.48,461.48,461.48
DJUSBK,12/12/2022,462.95,462.95,462.95,462.95
DJUSBK,12/09/2022,456.83,456.83,456.83,456.83
DJUSBK,12/08/2022,458.02,458.02,458.02,458.02
DJUSBK,12/07/2022,456.65,456.65,456.65,456.65
DJUSBK,12/06/2022,458.47,458.47,458.47,458.47
DJUSBK,12/05/2022,464.83,464.83,464.83,464.83
DJUSBK,12/02/2022,485.62,485.62,485.62,485.62
DJUSBK,12/01/2022,490.28,490.28,490.28,490.28
DJUSBK,11/30/2022,498.64,498.64,498.64,498.64
DJUSBK,11/29/2022,490.68,490.68,490.68,490.68
DJUSBK,11/28/2022,485.34,485.34,485.34,485.34
DJUSBK,11/25/2022,495.28,495.28,495.28,495.28
DJUSBK,11/24/2022,493.45,493.45,493.45,493.45
DJUSBK,11/22/2022,491.67,491.67,491.67,491.67
DJUSBK,11/21/2022,486.68,486.68,486.68,486.68
DJUSBK,11/18/2022,485.92,485.92,485.92,485.92
DJUSBK,11/17/2022,482.11,482.11,482.11,482.11
DJUSBK,11/16/2022,485.89,485.89,485.89,485.89
DJUSBK,11/15/2022,490.93,490.93,490.93,490.93
DJUSBK,11/14/2022,490.26,490.26,490.26,490.26
DJUSBK,11/11/2022,498.41,498.41,498.41,498.41
DJUSBK,11/10/2022,496.47,496.47,496.47,496.47
DJUSBK,11/09/2022,473.82,473.82,473.82,473.82
DJUSBK,11/08/2022,482.87,482.87,482.87,482.87
DJUSBK,11/07/2022,480.95,480.95,480.95,480.95
DJUSBK,11/04/2022,477.85,477.85,477.85,477.85
DJUSBK,11/03/2022,466.5,466.5,466.5,466.5
DJUSBK,11/02/2022,471.25,471.25,471.25,471.25
DJUSBK,11/01/2022,477.89,477.89,477.89,477.89
DJUSBK,10/31/2022,473.42,473.42,473.42,473.42
DJUSBK,10/28/2022,474.94,474.94,474.94,474.94
DJUSBK,10/27/2022,467.77,467.77,467.77,467.77
DJUSBK,10/26/2022,467.49,467.49,467.49,467.49
DJUSBK,10/25/2022,464.92,464.92,464.92,464.92
DJUSBK,10/24/2022,459.89,459.89,459.89,459.89
DJUSBK,10/21/2022,455.25,455.25,455.25,455.25
DJUSBK,10/20/2022,441.38,441.38,441.38,441.38
DJUSBK,10/19/2022,448.35,448.35,448.35,448.35
DJUSBK,10/18/2022,460.92,460.92,460.92,460.92
DJUSBK,10/17/2022,453.54,453.54,453.54,453.54
DJUSBK,10/14/2022,438.81,438.81,438.81,438.81
DJUSBK,10/13/2022,439.15,439.15,439.15,439.15
DJUSBK,10/12/2022,417.39,417.39,417.39,417.39
DJUSBK,10/11/2022,415.69,415.69,415.69,415.69
DJUSBK,10/10/2022,425.5,425.5,425.5,425.5
DJUSBK,10/07/2022,428.41,428.41,428.41,428.41
DJUSBK,10/06/2022,437.47,437.47,437.47,437.47
DJUSBK,10/05/2022,445.39,445.39,445.39,445.39
DJUSBK,10/04/2022,451.44,451.44,451.44,451.44
DJUSBK,10/03/2022,432.55,432.55,432.55,432.55
DJUSBK,09/30/2022,420.24,420.24,420.24,420.24
DJUSBK,09/29/2022,424.56,424.56,424.56,424.56
DJUSBK,09/28/2022,430.81,430.81,430.81,430.81
DJUSBK,09/27/2022,422.56,422.56,422.56,422.56
DJUSBK,09/26/2022,426.36,426.36,426.36,426.36
DJUSBK,09/23/2022,434.19,434.19,434.19,434.19
DJUSBK,09/22/2022,442.95,442.95,442.95,442.95
DJUSBK,09/21/2022,451.7,451.7,451.7,451.7
DJUSBK,09/20/2022,462.67,462.67,462.67,462.67
DJUSBK,09/19/2022,469.72,469.72,469.72,469.72
DJUSBK,09/16/2022,464.27,464.27,464.27,464.27
DJUSBK,09/15/2022,469.48,469.48,469.48,469.48
DJUSBK,09/14/2022,462.76,462.76,462.76,462.76
DJUSBK,09/13/2022,463.8,463.8,463.8,463.8
DJUSBK,09/12/2022,482.27,482.27,482.27,482.27
DJUSBK,09/09/2022,477.82,477.82,477.82,477.82
DJUSBK,09/08/2022,474.22,474.22,474.22,474.22
DJUSBK,09/07/2022,461.64,461.64,461.64,461.64
DJUSBK,09/06/2022,452.71,452.71,452.71,452.71
DJUSBK,09/05/2022,456.66,456.66,456.66,456.66
DJUSBK,09/02/2022,456.66,456.66,456.66,456.66
DJUSBK,09/01/2022,459.26,459.26,459.26,459.26
DJUSBK,08/31/2022,459.32,459.32,459.32,459.32
DJUSBK,08/30/2022,463.18,463.18,463.18,463.18
DJUSBK,08/29/2022,463.25,463.25,463.25,463.25
DJUSBK,08/26/2022,466.25,466.25,466.25,466.25
DJUSBK,08/25/2022,481.81,481.81,481.81,481.81
DJUSBK,08/24/2022,473.23,473.23,473.23,473.23
DJUSBK,08/23/2022,472.29,472.29,472.29,472.29
DJUSBK,08/22/2022,474.71,474.71,474.71,474.71
DJUSBK,08/19/2022,485.23,485.23,485.23,485.23
DJUSBK,08/18/2022,494.99,494.99,494.99,494.99
DJUSBK,08/17/2022,495.96,495.96,495.96,495.96
DJUSBK,08/16/2022,499.99,499.99,499.99,499.99
DJUSBK,08/15/2022,495.57,495.57,495.57,495.57
DJUSBK,08/12/2022,495.69,495.69,495.69,495.69
DJUSBK,08/11/2022,489.01,489.01,489.01,489.01
DJUSBK,08/10/2022,480.98,480.98,480.98,480.98
DJUSBK,08/09/2022,468.35,468.35,468.35,468.35
DJUSBK,08/08/2022,465.03,465.03,465.03,465.03
DJUSBK,08/05/2022,469.08,469.08,469.08,469.08
DJUSBK,08/04/2022,460.43,460.43,460.43,460.43
DJUSBK,08/03/2022,465.76,465.76,465.76,465.76
DJUSBK,08/02/2022,458.65,458.65,458.65,458.65
DJUSBK,08/01/2022,465.84,465.84,465.84,465.84
DJUSBK,07/29/2022,467.69,467.69,467.69,467.69
DJUSBK,07/28/2022,462.43,462.43,462.43,462.43
DJUSBK,07/27/2022,464.62,464.62,464.62,464.62
DJUSBK,07/26/2022,456.59,456.59,456.59,456.59
DJUSBK,07/25/2022,464.75,464.75,464.75,464.75
DJUSBK,07/22/2022,459.63,459.63,459.63,459.63
DJUSBK,07/21/2022,464.07,464.07,464.07,464.07
DJUSBK,07/20/2022,460.8,460.8,460.8,460.8
DJUSBK,07/19/2022,460.04,460.04,460.04,460.04
DJUSBK,07/18/2022,446.62,446.62,446.62,446.62
DJUSBK,07/15/2022,446.89,446.89,446.89,446.89
DJUSBK,07/14/2022,423.52,423.52,423.52,423.52
DJUSBK,07/13/2022,433.47,433.47,433.47,433.47
DJUSBK,07/12/2022,439.75,439.75,439.75,439.75
DJUSBK,07/11/2022,440.83,440.83,440.83,440.83
DJUSBK,07/08/2022,445.36,445.36,445.36,445.36
DJUSBK,07/07/2022,446.69,446.69,446.69,446.69
DJUSBK,07/06/2022,437.85,437.85,437.85,437.85
DJUSBK,07/05/2022,441.79,441.79,441.79,441.79
DJUSBK,07/04/2022,443.38,443.38,443.38,443.38
DJUSBK,07/01/2022,443.38,443.38,443.38,443.38
DJUSBK,06/30/2022,436.83,436.83,436.83,436.83
DJUSBK,06/29/2022,444.28,444.28,444.28,444.28
DJUSBK,06/28/2022,448.58,448.58,448.58,448.58
DJUSBK,06/27/2022,450.65,450.65,450.65,450.65
DJUSBK,06/24/2022,453.46,453.46,453.46,453.46
DJUSBK,06/23/2022,437.46,437.46,437.46,437.46
DJUSBK,06/22/2022,443.69,443.69,443.69,443.69
DJUSBK,06/21/2022,445.46,445.46,445.46,445.46
DJUSBK,06/20/2022,436.23,436.23,436.23,436.23
DJUSBK,06/16/2022,433.37,433.37,433.37,433.37
DJUSBK,06/15/2022,443.02,443.02,443.02,443.02
DJUSBK,06/14/2022,436.6,436.6,436.6,436.6
DJUSBK,06/13/2022,441.57,441.57,441.57,441.57
DJUSBK,06/10/2022,455.33,455.33,455.33,455.33
DJUSBK,06/09/2022,476.04,476.04,476.04,476.04
DJUSBK,06/08/2022,491.5,491.5,491.5,491.5
DJUSBK,06/07/2022,499.15,499.15,499.15,499.15
DJUSBK,06/06/2022,496.13,496.13,496.13,496.13
DJUSBK,06/03/2022,495.37,495.37,495.37,495.37
DJUSBK,06/02/2022,502.14,502.14,502.14,502.14
DJUSBK,06/01/2022,496.22,496.22,496.22,496.22
DJUSBK,05/31/2022,504.72,504.72,504.72,504.72
DJUSBK,05/30/2022,503.0,503.0,503.0,503.0
DJUSBK,05/27/2022,503.0,503.0,503.0,503.0
DJUSBK,05/26/2022,497.59,497.59,497.59,497.59
DJUSBK,05/25/2022,486.28,486.28,486.28,486.28
DJUSBK,05/24/2022,480.14,480.14,480.14,480.14
DJUSBK,05/23/2022,480.84,480.84,480.84,480.84
DJUSBK,05/20/2022,458.58,458.58,458.58,458.58
DJUSBK,05/19/2022,461.31,461.31,461.31,461.31
DJUSBK,05/18/2022,464.92,464.92,464.92,464.92
DJUSBK,05/17/2022,477.69,477.69,477.69,477.69
DJUSBK,05/16/2022,460.24,460.24,460.24,460.24
DJUSBK,05/13/2022,464.74,464.74,464.74,464.74
DJUSBK,05/12/2022,460.75,460.75,460.75,460.75
DJUSBK,05/11/2022,463.91,463.91,463.91,463.91
DJUSBK,05/10/2022,470.02,470.02,470.02,470.02
DJUSBK,05/09/2022,478.28,478.28,478.28,478.28
DJUSBK,05/06/2022,487.53,487.53,487.53,487.53
DJUSBK,05/05/2022,490.68,490.68,490.68,490.68
DJUSBK,05/04/2022,504.32,504.32,504.32,504.32
DJUSBK,05/03/2022,487.8,487.8,487.8,487.8
DJUSBK,05/02/2022,478.82,478.82,478.82,478.82
DJUSBK,04/29/2022,474.12,474.12,474.12,474.12
DJUSBK,04/28/2022,490.06,490.06,490.06,490.06
DJUSBK,04/27/2022,483.95,483.95,483.95,483.95
DJUSBK,04/26/2022,486.14,486.14,486.14,486.14
DJUSBK,04/25/2022,499.25,499.25,499.25,499.25
DJUSBK,04/22/2022,500.22,500.22,500.22,500.22
DJUSBK,04/21/2022,513.51,513.51,513.51,513.51
DJUSBK,04/20/2022,521.31,521.31,521.31,521.31
DJUSBK,04/19/2022,517.93,517.93,517.93,517.93
DJUSBK,04/18/2022,507.58,507.58,507.58,507.58
DJUSBK,04/15/2022,499.7,499.7,499.7,499.7
DJUSBK,04/14/2022,499.7,499.7,499.7,499.7
DJUSBK,04/13/2022,507.11,507.11,507.11,507.11
DJUSBK,04/12/2022,510.78,510.78,510.78,510.78
DJUSBK,04/11/2022,517.88,517.88,517.88,517.88
DJUSBK,04/08/2022,517.65,517.65,517.65,517.65
DJUSBK,04/07/2022,512.17,512.17,512.17,512.17
DJUSBK,04/06/2022,515.89,515.89,515.89,515.89
DJUSBK,04/05/2022,522.2,522.2,522.2,522.2
DJUSBK,04/04/2022,529.05,529.05,529.05,529.05
DJUSBK,04/01/2022,529.04,529.04,529.04,529.04
DJUSBK,03/31/2022,534.31,534.31,534.31,534.31
DJUSBK,03/30/2022,551.37,551.37,551.37,551.37
DJUSBK,03/29/2022,562.27,562.27,562.27,562.27
DJUSBK,03/28/2022,559.59,559.59,559.59,559.59
DJUSBK,03/25/2022,564.98,564.98,564.98,564.98
DJUSBK,03/24/2022,556.57,556.57,556.57,556.57
DJUSBK,03/23/2022,553.98,553.98,553.98,553.98
DJUSBK,03/22/2022,569.56,569.56,569.56,569.56
DJUSBK,03/21/2022,555.99,555.99,555.99,555.99
DJUSBK,03/18/2022,557.95,557.95,557.95,557.95
DJUSBK,03/17/2022,558.66,558.66,558.66,558.66
DJUSBK,03/16/2022,557.69,557.69,557.69,557.69
DJUSBK,03/15/2022,538.16,538.16,538.16,538.16
DJUSBK,03/14/2022,533.01,533.01,533.01,533.01
DJUSBK,03/11/2022,525.5,525.5,525.5,525.5
DJUSBK,03/10/2022,532.12,532.12,532.12,532.12
DJUSBK,03/09/2022,537.27,537.27,537.27,537.27
DJUSBK,03/08/2022,514.8,514.8,514.8,514.8
DJUSBK,03/07/2022,513.02,513.02,513.02,513.02
DJUSBK,03/04/2022,538.61,538.61,538.61,538.61
DJUSBK,03/03/2022,557.75,557.75,557.75,557.75
DJUSBK,03/02/2022,563.96,563.96,563.96,563.96
DJUSBK,03/01/2022,546.92,546.92,546.92,546.92
DJUSBK,02/28/2022,574.62,574.62,574.62,574.62
DJUSBK,02/25/2022,586.19,586.19,586.19,586.19
DJUSBK,02/24/2022,566.41,566.41,566.41,566.41
DJUSBK,02/23/2022,580.7,580.7,580.7,580.7
DJUSBK,02/22/2022,592.96,592.96,592.96,592.96
DJUSBK,02/21/2022,594.45,594.45,594.45,594.45
DJUSBK,02/18/2022,594.45,594.45,594.45,594.45
DJUSBK,02/17/2022,595.68,595.68,595.68,595.68
DJUSBK,02/16/2022,614.35,614.35,614.35,614.35
DJUSBK,02/15/2022,613.86,613.86,613.86,613.86
DJUSBK,02/14/2022,604.58,604.58,604.58,604.58
DJUSBK,02/11/2022,610.54,610.54,610.54,610.54
DJUSBK,02/10/2022,619.23,619.23,619.23,619.23
DJUSBK,02/09/2022,621.57,621.57,621.57,621.57
DJUSBK,02/08/2022,621.19,621.19,621.19,621.19
DJUSBK,02/07/2022,609.32,609.32,609.32,609.32
DJUSBK,02/04/2022,606.1,606.1,606.1,606.1
DJUSBK,02/03/2022,592.21,592.21,592.21,592.21
DJUSBK,02/02/2022,598.59,598.59,598.59,598.59
DJUSBK,02/01/2022,598.8,598.8,598.8,598.8
DJUSBK,01/31/2022,586.36,586.36,586.36,586.36
DJUSBK,01/28/2022,583.1,583.1,583.1,583.1
DJUSBK,01/27/2022,577.84,577.84,577.84,577.84
DJUSBK,01/26/2022,585.19,585.19,585.19,585.19
DJUSBK,01/25/2022,581.72,581.72,581.72,581.72
DJUSBK,01/24/2022,576.99,576.99,576.99,576.99
DJUSBK,01/21/2022,575.58,575.58,575.58,575.58
DJUSBK,01/20/2022,589.74,589.74,589.74,589.74
DJUSBK,01/19/2022,598.1,598.1,598.1,598.1
DJUSBK,01/18/2022,611.02,611.02,611.02,611.02
DJUSBK,01/14/2022,629.01,629.01,629.01,629.01
DJUSBK,01/13/2022,638.54,638.54,638.54,638.54
DJUSBK,01/12/2022,638.47,638.47,638.47,638.47
DJUSBK,01/11/2022,636.5,636.5,636.5,636.5
DJUSBK,01/10/2022,631.98,631.98,631.98,631.98
DJUSBK,01/07/2022,632.32,632.32,632.32,632.32
DJUSBK,01/06/2022,623.29,623.29,623.29,623.29
DJUSBK,01/05/2022,607.08,607.08,607.08,607.08
DJUSBK,01/04/2022,616.11,616.11,616.11,616.11
DJUSBK,01/03/2022,595.69,595.69,595.69,595.69
DJUSBK,05/19/2023,396.72,396.72,396.72,396.72
DJUSBK,05/16/2023,381.24,381.24,381.24,381.24
DJUSBK,05/15/2023,385.91,385.91,385.91,385.91
DJUSBK,05/11/2023,382.28,382.28,382.28,382.28
DJUSBK,05/10/2023,384.89,384.89,384.89,384.89
DJUSBK,05/09/2023,387.49,387.49,387.49,387.49
DJUSBK,05/08/2023,388.07,388.07,388.07,388.07
DJUSBK,05/05/2023,388.39,388.39,388.39,388.39
DJUSBK,05/04/2023,375.31,375.31,375.31,375.31
DJUSBK,05/03/2023,387.65,387.65,387.65,387.65
DJUSBK,05/02/2023,394.46,394.46,394.46,394.46
DJUSBK,05/01/2023,408.33,408.33,408.33,408.33
DJUSBK,04/28/2023,409.34,409.34,409.34,409.34
DJUSBK,04/26/2023,398.65,398.65,398.65,398.65
DJUSBK,04/24/2023,414.55,414.55,414.55,414.55
DJUSBK,04/21/2023,415.1,415.1,415.1,415.1
DJUSBK,04/20/2023,419.15,419.15,419.15,419.15
DJUSBK,04/19/2023,424.44,424.44,424.44,424.44
DJUSBK,04/18/2023,421.09,421.09,421.09,421.09
DJUSBK,04/17/2023,419.51,419.51,419.51,419.51
DJUSBK,04/14/2023,410.61,410.61,410.61,410.61
DJUSBK,04/13/2023,398.74,398.74,398.74,398.74
DJUSBK,04/12/2023,395.81,395.81,395.81,395.81
DJUSBK,04/11/2023,398.08,398.08,398.08,398.08
DJUSBK,04/10/2023,393.73,393.73,393.73,393.73
DJUSBK,04/05/2023,387.78,387.78,387.78,387.78
DJUSBK,04/04/2023,389.97,389.97,389.97,389.97
DJUSBK,04/03/2023,397.52,397.52,397.52,397.52
DJUSBK,03/31/2023,399.07,399.07,399.07,399.07
DJUSBK,03/30/2023,395.33,395.33,395.33,395.33
DJUSBK,03/29/2023,399.61,399.61,399.61,399.61
DJUSBK,03/28/2023,394.09,394.09,394.09,394.09
DJUSBK,03/27/2023,393.67,393.67,393.67,393.67
DJUSBK,03/24/2023,381.63,381.63,381.63,381.63
DJUSBK,03/23/2023,381.64,381.64,381.64,381.64
DJUSBK,03/21/2023,402.04,402.04,402.04,402.04
DJUSBK,03/20/2023,387.15,387.15,387.15,387.15
DJUSBK,03/17/2023,384.17,384.17,384.17,384.17
DJUSBK,03/16/2023,402.97,402.97,402.97,402.97
DJUSBK,03/15/2023,394.16,394.16,394.16,394.16
DJUSBK,03/14/2023,408.04,408.04,408.04,408.04
DJUSBK,03/13/2023,401.3,401.3,401.3,401.3
DJUSBK,03/10/2023,432.98,432.98,432.98,432.98
DJUSBK,03/09/2023,436.53,436.53,436.53,436.53
DJUSBK,03/08/2023,467.06,467.06,467.06,467.06
DJUSBK,03/07/2023,471.2,471.2,471.2,471.2
DJUSBK,03/06/2023,488.34,488.34,488.34,488.34
DJUSBK,03/03/2023,490.45,490.45,490.45,490.45
DJUSBK,03/02/2023,481.71,481.71,481.71,481.71
DJUSBK,03/01/2023,489.96,489.96,489.96,489.96
DJUSBK,02/28/2023,492.28,492.28,492.28,492.28
DJUSBK,02/27/2023,490.7,490.7,490.7,490.7
DJUSBK,02/23/2023,487.38,487.38,487.38,487.38
DJUSBK,02/22/2023,485.35,485.35,485.35,485.35
DJUSBK,02/21/2023,487.67,487.67,487.67,487.67
DJUSBK,02/20/2023,499.29,499.29,499.29,499.29
DJUSBK,02/16/2023,497.93,497.93,497.93,497.93
DJUSBK,02/15/2023,504.32,504.32,504.32,504.32
DJUSBK,02/14/2023,504.1,504.1,504.1,504.1
DJUSBK,02/13/2023,503.48,503.48,503.48,503.48
DJUSBK,02/10/2023,498.66,498.66,498.66,498.66
DJUSBK,02/09/2023,498.47,498.47,498.47,498.47
DJUSBK,02/08/2023,506.77,506.77,506.77,506.77
DJUSBK,02/07/2023,510.26,510.26,510.26,510.26
DJUSBK,02/06/2023,504.76,504.76,504.76,504.76
DJUSBK,02/03/2023,505.86,505.86,505.86,505.86
DJUSBK,02/02/2023,503.97,503.97,503.97,503.97
DJUSBK,02/01/2023,501.22,501.22,501.22,501.22
DJUSBK,01/31/2023,498.83,498.83,498.83,498.83
DJUSBK,01/30/2023,492.49,492.49,492.49,492.49
DJUSBK,01/27/2023,495.56,495.56,495.56,495.56
DJUSBK,01/26/2023,493.76,493.76,493.76,493.76
DJUSBK,01/25/2023,489.97,489.97,489.97,489.97
DJUSBK,01/23/2023,485.85,485.85,485.85,485.85
DJUSBK,01/20/2023,476.94,476.94,476.94,476.94
DJUSBK,01/19/2023,467.88,467.88,467.88,467.88
DJUSBK,01/18/2023,470.78,470.78,470.78,470.78
DJUSBK,01/17/2023,484.33,484.33,484.33,484.33
DJUSBK,01/16/2023,488.84,488.84,488.84,488.84
DJUSBK,01/12/2023,481.92,481.92,481.92,481.92
DJUSBK,01/11/2023,479.62,479.62,479.62,479.62
DJUSBK,01/10/2023,476.02,476.02,476.02,476.02
DJUSBK,01/09/2023,473.1,473.1,473.1,473.1
DJUSBK,01/06/2023,476.1,476.1,476.1,476.1
DJUSBK,01/05/2023,466.79,466.79,466.79,466.79
DJUSBK,01/04/2023,470.54,470.54,470.54,470.54
DJUSBK,01/03/2023,462.43,462.43,462.43,462.43
DJUSBK,01/02/2023,459.32,459.32,459.32,459.32
