end,val,accn,fy,fp,form,filed,frame,start
2009-12-31,12841399000.0,0001193125-10-181548,2010,Q2,10-Q,2010-08-06,,
2009-12-31,12841399000.0,0001193125-10-250157,2010,Q3,10-Q,2010-11-05,,
2009-12-31,12841399000.0,0001193125-11-047635,2010,FY,10-K,2011-02-25,CY2009Q4I,
2010-06-30,14903986000.0,0001193125-10-181548,2010,Q2,10-Q,2010-08-06,CY2010Q2I,
2010-09-30,15660069000.0,0001193125-10-250157,2010,Q3,10-Q,2010-11-05,CY2010Q3I,
2010-12-31,17527761000.0,0001193125-11-047635,2010,FY,10-K,2011-02-25,,
2010-12-31,17527761000.0,0001193125-11-130721,2011,Q1,10-Q,2011-05-06,,
2010-12-31,17527761000.0,0001193125-11-212416,2011,Q2,10-Q,2011-08-05,,
2010-12-31,17527761000.0,0001193125-11-297377,2011,Q3,10-Q,2011-11-04,,
2010-12-31,17527761000.0,0001193125-12-085818,2011,FY,10-K,2012-02-28,CY2010Q4I,
2011-03-31,18618266000.0,0001193125-11-130721,2011,Q1,10-Q,2011-05-06,CY2011Q1I,
2011-06-30,19366735000.0,0001193125-11-212416,2011,Q2,10-Q,2011-08-05,CY2011Q2I,
2011-09-30,19195363000.0,0001193125-11-297377,2011,Q3,10-Q,2011-11-04,CY2011Q3I,
2011-12-31,19968894000.0,0001193125-12-085818,2011,FY,10-K,2012-02-28,,
2011-12-31,19968894000.0,0001193125-12-225234,2012,Q1,10-Q,2012-05-10,,
2011-12-31,19968894000.0,0001193125-12-344003,2012,Q2,10-Q,2012-08-08,,
2011-12-31,19968894000.0,0000719739-12-000011,2012,Q3,10-Q,2012-11-09,,
2011-12-31,19968894000.0,0000719739-13-000009,2012,FY,10-K,2013-02-27,CY2011Q4I,
2012-03-31,20818337000.0,0001193125-12-225234,2012,Q1,10-Q,2012-05-10,CY2012Q1I,
2012-06-30,21289772000.0,0001193125-12-344003,2012,Q2,10-Q,2012-08-08,CY2012Q2I,
2012-09-30,21576934000.0,0000719739-12-000011,2012,Q3,10-Q,2012-11-09,CY2012Q3I,
2012-12-31,22766123000.0,0000719739-13-000009,2012,FY,10-K,2013-02-27,,
2012-12-31,22766123000.0,0000719739-13-000019,2013,Q1,10-Q,2013-05-10,,
2012-12-31,22766123000.0,0000719739-13-000040,2013,Q2,10-Q,2013-08-08,,
2012-12-31,22766123000.0,0000719739-13-000054,2013,Q3,10-Q,2013-11-08,,
2012-12-31,22766123000.0,0000719739-14-000012,2013,FY,10-K,2014-02-27,CY2012Q4I,
2013-03-31,22796000000.0,0000719739-13-000019,2013,Q1,10-Q,2013-05-10,CY2013Q1I,
2013-06-30,22153901000.0,0000719739-13-000040,2013,Q2,10-Q,2013-08-08,CY2013Q2I,
2013-09-30,23740864000.0,0000719739-13-000054,2013,Q3,10-Q,2013-11-08,CY2013Q3I,
2013-12-31,26417189000.0,0000719739-14-000012,2013,FY,10-K,2014-02-27,,
2013-12-31,26417189000.0,0000719739-14-000021,2014,Q1,10-Q,2014-05-09,,
2013-12-31,26417189000.0,0000719739-14-000034,2014,Q2,10-Q,2014-08-08,,
2013-12-31,26417189000.0,0000719739-14-000044,2014,Q3,10-Q,2014-11-07,,
2013-12-31,26417189000.0,0000719739-15-000022,2014,FY,10-K,2015-02-26,CY2013Q4I,
2014-03-31,29711039000.0,0000719739-14-000021,2014,Q1,10-Q,2014-05-09,CY2014Q1I,
2014-06-30,33309016000.0,0000719739-14-000034,2014,Q2,10-Q,2014-08-08,CY2014Q2I,
2014-09-30,36041007000.0,0000719739-14-000044,2014,Q3,10-Q,2014-11-07,CY2014Q3I,
2014-12-31,39344640000.0,0000719739-15-000022,2014,FY,10-K,2015-02-26,,
2014-12-31,39339950000.0,0000719739-15-000034,2015,Q1,10-Q,2015-05-11,,
2014-12-31,39339950000.0,0000719739-15-000048,2015,Q2,10-Q,2015-08-07,,
2014-12-31,39337869000.0,0000719739-15-000059,2015,Q3,10-Q,2015-11-06,,
2014-12-31,39337869000.0,0000719739-16-000073,2015,FY,10-K,2016-02-26,CY2014Q4I,
2015-03-31,39695990000.0,0000719739-15-000034,2015,Q1,10-Q,2015-05-11,CY2015Q1I,
2015-06-30,40236118000.0,0000719739-15-000048,2015,Q2,10-Q,2015-08-07,CY2015Q2I,
2015-09-30,41730982000.0,0000719739-15-000059,2015,Q3,10-Q,2015-11-06,CY2015Q3I,
2015-12-31,44686703000.0,0000719739-16-000073,2015,FY,10-K,2016-02-26,,
2015-12-31,44686703000.0,0000719739-16-000085,2016,Q1,10-Q,2016-05-10,,
2015-12-31,44686703000.0,0000719739-16-000095,2016,Q2,10-Q,2016-08-08,,
2015-12-31,44686703000.0,0000719739-16-000114,2016,Q3,10-Q,2016-11-08,,
2015-12-31,44686703000.0,0000719739-17-000012,2016,FY,10-K,2017-02-28,CY2015Q4I,
2016-03-31,43573902000.0,0000719739-16-000085,2016,Q1,10-Q,2016-05-10,CY2016Q1I,
2016-06-30,43132654000.0,0000719739-16-000095,2016,Q2,10-Q,2016-08-08,CY2016Q2I,
2016-09-30,43274037000.0,0000719739-16-000114,2016,Q3,10-Q,2016-11-08,CY2016Q3I,
2016-12-31,44683660000.0,0000719739-17-000012,2016,FY,10-K,2017-02-28,,
2016-12-31,44683660000.0,0000719739-17-000021,2017,Q1,10-Q,2017-05-10,,
2016-12-31,44683660000.0,0000719739-17-000049,2017,Q2,10-Q,2017-08-07,,
2016-12-31,44683660000.0,0000719739-17-000062,2017,Q3,10-Q,2017-11-08,,
2016-12-31,44683660000.0,0000719739-18-000011,2017,FY,10-K,2018-02-28,CY2016Q4I,
2017-03-31,46413339000.0,0000719739-17-000021,2017,Q1,10-Q,2017-05-10,CY2017Q1I,
2017-06-30,48400379000.0,0000719739-17-000049,2017,Q2,10-Q,2017-08-07,CY2017Q2I,
2017-09-30,50754287000.0,0000719739-17-000062,2017,Q3,10-Q,2017-11-08,CY2017Q3I,
2017-12-31,51214467000.0,0000719739-18-000011,2017,FY,10-K,2018-02-28,,
2017-12-31,51214467000.0,0000719739-18-000024,2018,Q1,10-Q,2018-05-08,,
2017-12-31,51214467000.0,0000719739-18-000038,2018,Q2,10-Q,2018-08-07,,
2017-12-31,51214467000.0,0000719739-18-000049,2018,Q3,10-Q,2018-11-09,,
2017-12-31,51214467000.0,0000719739-19-000018,2018,FY,10-K,2019-02-28,CY2017Q4I,
2018-03-31,53500787000.0,0000719739-18-000024,2018,Q1,10-Q,2018-05-08,CY2018Q1I,
2018-06-30,55867745000.0,0000719739-18-000038,2018,Q2,10-Q,2018-08-07,CY2018Q2I,
2018-09-30,58139734000.0,0000719739-18-000049,2018,Q3,10-Q,2018-11-09,CY2018Q3I,
2018-12-31,56927979000.0,0000719739-19-000018,2018,FY,10-K,2019-02-28,,
2018-12-31,56927979000.0,0000719739-19-000034,2019,Q1,10-Q,2019-05-09,,
2018-12-31,56927979000.0,0000719739-19-000052,2019,Q2,10-Q,2019-08-09,,
2018-12-31,56927979000.0,0000719739-19-000075,2019,Q3,10-Q,2019-11-12,,
2018-12-31,56927979000.0,0000719739-20-000016,2019,FY,10-K,2020-02-28,CY2018Q4I,
2019-03-31,60160285000.0,0000719739-19-000034,2019,Q1,10-Q,2019-05-09,CY2019Q1I,
2019-06-30,63773739000.0,0000719739-19-000052,2019,Q2,10-Q,2019-08-09,CY2019Q2I,
2019-09-30,68231233000.0,0000719739-19-000075,2019,Q3,10-Q,2019-11-12,CY2019Q3I,
2019-12-31,71004903000.0,0000719739-20-000016,2019,FY,10-K,2020-02-28,,
2019-12-31,71004903000.0,0000719739-20-000036,2020,Q1,10-Q,2020-05-11,,
2019-12-31,71004903000.0,0000719739-20-000055,2020,Q2,10-Q,2020-08-10,,
2019-12-31,71004903000.0,0000719739-20-000074,2020,Q3,10-Q,2020-11-05,,
2019-12-31,71004903000.0,0000719739-21-000023,2020,FY,10-K,2021-03-01,CY2019Q4I,
2020-03-31,75009640000.0,0000719739-20-000036,2020,Q1,10-Q,2020-05-11,CY2020Q1I,
2020-06-30,85730985000.0,0000719739-20-000055,2020,Q2,10-Q,2020-08-10,CY2020Q2I,
2020-09-30,96916771000.0,0000719739-20-000074,2020,Q3,10-Q,2020-11-05,CY2020Q3I,
2020-12-31,115511007000.0,0000719739-21-000023,2020,FY,10-K,2021-03-01,,
2020-12-31,115511007000.0,0000719739-21-000036,2021,Q1,10-Q,2021-05-10,,
2020-12-31,115511000000.0,0000719739-21-000060,2021,Q2,10-Q,2021-08-06,,
2020-12-31,115511000000.0,0000719739-21-000071,2021,Q3,10-Q,2021-11-08,,
2020-12-31,115511000000.0,0000719739-22-000023,2021,FY,10-K,2022-03-01,CY2020Q4I,
2021-03-31,142346620000.0,0000719739-21-000036,2021,Q1,10-Q,2021-05-10,CY2021Q1I,
2021-06-30,163399000000.0,0000719739-21-000060,2021,Q2,10-Q,2021-08-06,CY2021Q2I,
2021-09-30,190996000000.0,0000719739-21-000071,2021,Q3,10-Q,2021-11-08,CY2021Q3I,
2021-12-31,211478000000.0,0000719739-22-000023,2021,FY,10-K,2022-03-01,,
2021-12-31,211478000000.0,0000719739-22-000040,2022,Q1,10-Q,2022-05-06,,
2021-12-31,211478000000.0,0000719739-22-000055,2022,Q2,10-Q,2022-08-08,,
2021-12-31,211308000000.0,0000719739-22-000081,2022,Q3,10-Q,2022-11-07,,
2021-12-31,211308000000.0,0000719739-23-000021,2022,FY,10-K,2023-02-24,CY2021Q4I,
2022-03-31,220355000000.0,0000719739-22-000040,2022,Q1,10-Q,2022-05-06,CY2022Q1I,
2022-06-30,214389000000.0,0000719739-22-000055,2022,Q2,10-Q,2022-08-08,CY2022Q2I,
2022-09-30,212867000000.0,0000719739-22-000081,2022,Q3,10-Q,2022-11-07,CY2022Q3I,
2022-12-31,211793000000.0,0000719739-23-000021,2022,FY,10-K,2023-02-24,CY2022Q4I,
2009-12-31,41000.0,0001193125-10-181548,2010,Q2,10-Q,2010-08-06,,
2009-12-31,41000.0,0001193125-10-250157,2010,Q3,10-Q,2010-11-05,,
2009-12-31,41000.0,0001193125-11-047635,2010,FY,10-K,2011-02-25,CY2009Q4I,
2010-06-30,42000.0,0001193125-10-181548,2010,Q2,10-Q,2010-08-06,CY2010Q2I,
2010-09-30,42000.0,0001193125-10-250157,2010,Q3,10-Q,2010-11-05,CY2010Q3I,
2010-12-31,42000.0,0001193125-11-047635,2010,FY,10-K,2011-02-25,,
2010-12-31,42000.0,0001193125-11-130721,2011,Q1,10-Q,2011-05-06,,
2010-12-31,42000.0,0001193125-11-212416,2011,Q2,10-Q,2011-08-05,,
2010-12-31,42000.0,0001193125-11-297377,2011,Q3,10-Q,2011-11-04,,
2010-12-31,42000.0,0001193125-12-085818,2011,FY,10-K,2012-02-28,CY2010Q4I,
2011-03-31,43000.0,0001193125-11-130721,2011,Q1,10-Q,2011-05-06,CY2011Q1I,
2011-06-30,43000.0,0001193125-11-212416,2011,Q2,10-Q,2011-08-05,CY2011Q2I,
2011-09-30,43000.0,0001193125-11-297377,2011,Q3,10-Q,2011-11-04,CY2011Q3I,
2011-12-31,44000.0,0001193125-12-085818,2011,FY,10-K,2012-02-28,,
2011-12-31,44000.0,0001193125-12-225234,2012,Q1,10-Q,2012-05-10,,
2011-12-31,44000.0,0001193125-12-344003,2012,Q2,10-Q,2012-08-08,,
2011-12-31,44000.0,0000719739-12-000011,2012,Q3,10-Q,2012-11-09,,
2011-12-31,44000.0,0000719739-13-000009,2012,FY,10-K,2013-02-27,CY2011Q4I,
2012-03-31,44000.0,0001193125-12-225234,2012,Q1,10-Q,2012-05-10,CY2012Q1I,
2012-06-30,44000.0,0001193125-12-344003,2012,Q2,10-Q,2012-08-08,CY2012Q2I,
2012-09-30,45000.0,0000719739-12-000011,2012,Q3,10-Q,2012-11-09,CY2012Q3I,
2012-12-31,45000.0,0000719739-13-000009,2012,FY,10-K,2013-02-27,,
2012-12-31,45000.0,0000719739-13-000019,2013,Q1,10-Q,2013-05-10,,
2012-12-31,45000.0,0000719739-13-000040,2013,Q2,10-Q,2013-08-08,,
2012-12-31,45000.0,0000719739-13-000054,2013,Q3,10-Q,2013-11-08,,
2012-12-31,45000.0,0000719739-14-000012,2013,FY,10-K,2014-02-27,CY2012Q4I,
2013-03-31,45000.0,0000719739-13-000019,2013,Q1,10-Q,2013-05-10,CY2013Q1I,
2013-06-30,45000.0,0000719739-13-000040,2013,Q2,10-Q,2013-08-08,CY2013Q2I,
2013-09-30,46000.0,0000719739-13-000054,2013,Q3,10-Q,2013-11-08,CY2013Q3I,
2013-12-31,46000.0,0000719739-14-000012,2013,FY,10-K,2014-02-27,,
2013-12-31,46000.0,0000719739-14-000021,2014,Q1,10-Q,2014-05-09,,
2013-12-31,46000.0,0000719739-14-000034,2014,Q2,10-Q,2014-08-08,,
2013-12-31,46000.0,0000719739-14-000044,2014,Q3,10-Q,2014-11-07,,
2013-12-31,46000.0,0000719739-15-000022,2014,FY,10-K,2015-02-26,CY2013Q4I,
2014-03-31,46000.0,0000719739-14-000021,2014,Q1,10-Q,2014-05-09,CY2014Q1I,
2014-06-30,51000.0,0000719739-14-000034,2014,Q2,10-Q,2014-08-08,CY2014Q2I,
2014-09-30,51000.0,0000719739-14-000044,2014,Q3,10-Q,2014-11-07,CY2014Q3I,
2014-12-31,51000.0,0000719739-15-000022,2014,FY,10-K,2015-02-26,,
2014-12-31,51000.0,0000719739-15-000034,2015,Q1,10-Q,2015-05-11,,
2014-12-31,51000.0,0000719739-15-000048,2015,Q2,10-Q,2015-08-07,,
2014-12-31,51000.0,0000719739-15-000059,2015,Q3,10-Q,2015-11-06,,
2014-12-31,51000.0,0000719739-16-000073,2015,FY,10-K,2016-02-26,CY2014Q4I,
2015-03-31,51000.0,0000719739-15-000034,2015,Q1,10-Q,2015-05-11,CY2015Q1I,
2015-06-30,51000.0,0000719739-15-000048,2015,Q2,10-Q,2015-08-07,CY2015Q2I,
2015-09-30,51000.0,0000719739-15-000059,2015,Q3,10-Q,2015-11-06,CY2015Q3I,
2015-12-31,52000.0,0000719739-16-000073,2015,FY,10-K,2016-02-26,,
2015-12-31,52000.0,0000719739-16-000085,2016,Q1,10-Q,2016-05-10,,
2015-12-31,52000.0,0000719739-16-000095,2016,Q2,10-Q,2016-08-08,,
2015-12-31,52000.0,0000719739-16-000114,2016,Q3,10-Q,2016-11-08,,
2015-12-31,52000.0,0000719739-17-000012,2016,FY,10-K,2017-02-28,CY2015Q4I,
2016-03-31,52000.0,0000719739-16-000085,2016,Q1,10-Q,2016-05-10,CY2016Q1I,
2016-06-30,52000.0,0000719739-16-000095,2016,Q2,10-Q,2016-08-08,CY2016Q2I,
2016-09-30,52000.0,0000719739-16-000114,2016,Q3,10-Q,2016-11-08,CY2016Q3I,
2016-12-31,52000.0,0000719739-17-000012,2016,FY,10-K,2017-02-28,,
2016-12-31,52000.0,0000719739-17-000021,2017,Q1,10-Q,2017-05-10,,
2016-12-31,52000.0,0000719739-17-000049,2017,Q2,10-Q,2017-08-07,,
2016-12-31,52000.0,0000719739-17-000062,2017,Q3,10-Q,2017-11-08,,
2016-12-31,52000.0,0000719739-18-000011,2017,FY,10-K,2018-02-28,CY2016Q4I,
2017-03-31,52000.0,0000719739-17-000021,2017,Q1,10-Q,2017-05-10,CY2017Q1I,
2017-06-30,53000.0,0000719739-17-000049,2017,Q2,10-Q,2017-08-07,CY2017Q2I,
2017-09-30,53000.0,0000719739-17-000062,2017,Q3,10-Q,2017-11-08,CY2017Q3I,
2017-12-31,53000.0,0000719739-18-000011,2017,FY,10-K,2018-02-28,,
2017-12-31,53000.0,0000719739-18-000024,2018,Q1,10-Q,2018-05-08,,
2017-12-31,53000.0,0000719739-18-000038,2018,Q2,10-Q,2018-08-07,,
2017-12-31,53000.0,0000719739-18-000049,2018,Q3,10-Q,2018-11-09,,
2017-12-31,53000.0,0000719739-19-000018,2018,FY,10-K,2019-02-28,CY2017Q4I,
2018-03-31,53000.0,0000719739-18-000024,2018,Q1,10-Q,2018-05-08,CY2018Q1I,
2018-06-30,53000.0,0000719739-18-000038,2018,Q2,10-Q,2018-08-07,CY2018Q2I,
2018-09-30,53000.0,0000719739-18-000049,2018,Q3,10-Q,2018-11-09,CY2018Q3I,
2018-12-31,53000.0,0000719739-19-000018,2018,FY,10-K,2019-02-28,,
2018-12-31,53000.0,0000719739-19-000034,2019,Q1,10-Q,2019-05-09,,
2018-12-31,53000.0,0000719739-19-000052,2019,Q2,10-Q,2019-08-09,,
2018-12-31,53000.0,0000719739-19-000075,2019,Q3,10-Q,2019-11-12,,
2018-12-31,53000.0,0000719739-20-000016,2019,FY,10-K,2020-02-28,CY2018Q4I,
2019-03-31,52000.0,0000719739-19-000034,2019,Q1,10-Q,2019-05-09,CY2019Q1I,
2019-06-30,52000.0,0000719739-19-000052,2019,Q2,10-Q,2019-08-09,CY2019Q2I,
2019-09-30,52000.0,0000719739-19-000075,2019,Q3,10-Q,2019-11-12,CY2019Q3I,
2019-12-31,52000.0,0000719739-20-000016,2019,FY,10-K,2020-02-28,,
2019-12-31,52000.0,0000719739-20-000036,2020,Q1,10-Q,2020-05-11,,
2019-12-31,52000.0,0000719739-20-000055,2020,Q2,10-Q,2020-08-10,,
2019-12-31,52000.0,0000719739-20-000074,2020,Q3,10-Q,2020-11-05,,
2019-12-31,52000.0,0000719739-21-000023,2020,FY,10-K,2021-03-01,CY2019Q4I,
2020-03-31,52000.0,0000719739-20-000036,2020,Q1,10-Q,2020-05-11,CY2020Q1I,
2020-06-30,52000.0,0000719739-20-000055,2020,Q2,10-Q,2020-08-10,CY2020Q2I,
2020-09-30,52000.0,0000719739-20-000074,2020,Q3,10-Q,2020-11-05,CY2020Q3I,
2020-12-31,52000.0,0000719739-21-000023,2020,FY,10-K,2021-03-01,,
2020-12-31,52000.0,0000719739-21-000036,2021,Q1,10-Q,2021-05-10,,
2020-12-31,0.0,0000719739-21-000060,2021,Q2,10-Q,2021-08-06,,
2020-12-31,0.0,0000719739-21-000071,2021,Q3,10-Q,2021-11-08,,
2020-12-31,0.0,0000719739-22-000023,2021,FY,10-K,2022-03-01,CY2020Q4I,
2021-03-31,54000.0,0000719739-21-000036,2021,Q1,10-Q,2021-05-10,CY2021Q1I,
2021-06-30,0.0,0000719739-21-000060,2021,Q2,10-Q,2021-08-06,CY2021Q2I,
2021-09-30,0.0,0000719739-21-000071,2021,Q3,10-Q,2021-11-08,CY2021Q3I,
2021-12-31,0.0,0000719739-22-000023,2021,FY,10-K,2022-03-01,,
2021-12-31,0.0,0000719739-22-000040,2022,Q1,10-Q,2022-05-06,,
2021-12-31,0.0,0000719739-22-000055,2022,Q2,10-Q,2022-08-08,,
2021-12-31,0.0,0000719739-22-000081,2022,Q3,10-Q,2022-11-07,,
2021-12-31,0.0,0000719739-23-000021,2022,FY,10-K,2023-02-24,CY2021Q4I,
2022-03-31,0.0,0000719739-22-000040,2022,Q1,10-Q,2022-05-06,CY2022Q1I,
2022-06-30,0.0,0000719739-22-000055,2022,Q2,10-Q,2022-08-08,CY2022Q2I,
2022-09-30,0.0,0000719739-22-000081,2022,Q3,10-Q,2022-11-07,CY2022Q3I,
2022-12-31,0.0,0000719739-23-000021,2022,FY,10-K,2023-02-24,CY2022Q4I,
2017-12-31,52835188.0,0000719739-19-000018,2018,FY,10-K,2019-02-28,CY2017Q4I,
2018-12-31,52586498.0,0000719739-19-000018,2018,FY,10-K,2019-02-28,,
2018-12-31,52586498.0,0000719739-19-000052,2019,Q2,10-Q,2019-08-09,,
2018-12-31,52586498.0,0000719739-19-000075,2019,Q3,10-Q,2019-11-12,,
2018-12-31,52586498.0,0000719739-20-000016,2019,FY,10-K,2020-02-28,CY2018Q4I,
2019-06-30,51561719.0,0000719739-19-000052,2019,Q2,10-Q,2019-08-09,CY2019Q2I,
2019-09-30,51555831.0,0000719739-19-000075,2019,Q3,10-Q,2019-11-12,CY2019Q3I,
2019-12-31,51655607.0,0000719739-20-000016,2019,FY,10-K,2020-02-28,,
2019-12-31,51655607.0,0000719739-20-000036,2020,Q1,10-Q,2020-05-11,,
2019-12-31,51655607.0,0000719739-20-000055,2020,Q2,10-Q,2020-08-10,,
2019-12-31,51655607.0,0000719739-20-000074,2020,Q3,10-Q,2020-11-05,,
2019-12-31,51655607.0,0000719739-21-000023,2020,FY,10-K,2021-03-01,CY2019Q4I,
2020-03-31,51655607.0,0000719739-20-000036,2020,Q1,10-Q,2020-05-11,CY2020Q1I,
2020-06-30,51740714.0,0000719739-20-000055,2020,Q2,10-Q,2020-08-10,CY2020Q2I,
2020-09-30,51787972.0,0000719739-20-000074,2020,Q3,10-Q,2020-11-05,CY2020Q3I,
2020-12-31,51888463.0,0000719739-21-000023,2020,FY,10-K,2021-03-01,,
2020-12-31,51888463.0,0000719739-21-000036,2021,Q1,10-Q,2021-05-10,,
2020-12-31,51888463.0,0000719739-21-000060,2021,Q2,10-Q,2021-08-06,,
2020-12-31,51888463.0,0000719739-21-000071,2021,Q3,10-Q,2021-11-08,,
2020-12-31,51888463.0,0000719739-22-000023,2021,FY,10-K,2022-03-01,CY2020Q4I,
2021-03-31,54001797.0,0000719739-21-000036,2021,Q1,10-Q,2021-05-10,CY2021Q1I,
2021-06-30,54530307.0,0000719739-21-000060,2021,Q2,10-Q,2021-08-06,CY2021Q2I,
2021-09-30,58677483.0,0000719739-21-000071,2021,Q3,10-Q,2021-11-08,CY2021Q3I,
2021-12-31,58748469.0,0000719739-22-000023,2021,FY,10-K,2022-03-01,,
2021-12-31,58748469.0,0000719739-22-000040,2022,Q1,10-Q,2022-05-06,,
2021-12-31,58748469.0,0000719739-22-000055,2022,Q2,10-Q,2022-08-08,,
2021-12-31,58748469.0,0000719739-22-000081,2022,Q3,10-Q,2022-11-07,,
2021-12-31,58748469.0,0000719739-23-000021,2022,FY,10-K,2023-02-24,CY2021Q4I,
2022-03-31,58840156.0,0000719739-22-000040,2022,Q1,10-Q,2022-05-06,CY2022Q1I,
2022-06-30,59081326.0,0000719739-22-000055,2022,Q2,10-Q,2022-08-08,CY2022Q2I,
2022-09-30,59104124.0,0000719739-22-000081,2022,Q3,10-Q,2022-11-07,CY2022Q3I,
2022-12-31,59171883.0,0000719739-23-000021,2022,FY,10-K,2023-02-24,CY2022Q4I,
2017-12-31,27057000.0,0000719739-19-000018,2018,FY,10-K,2019-02-28,CY2017Q4I,
2017-12-31,27057000.0,0000719739-18-000049,2018,Q3,10-Q,2018-11-09,,
2017-12-31,27057000.0,0000719739-18-000038,2018,Q2,10-Q,2018-08-07,,
2017-12-31,27057000.0,0000719739-18-000024,2018,Q1,10-Q,2018-05-08,,
2018-01-01,736000.0,0000719739-19-000018,2018,FY,10-K,2019-02-28,,
2018-01-01,736000.0,0000719739-18-000049,2018,Q3,10-Q,2018-11-09,,
2018-01-01,736000.0,0000719739-18-000038,2018,Q2,10-Q,2018-08-07,,
2018-01-01,736000.0,0000719739-18-000024,2018,Q1,10-Q,2018-05-08,,
2018-03-31,734000.0,0000719739-18-000024,2018,Q1,10-Q,2018-05-08,CY2018Q1I,
2018-06-30,479000.0,0000719739-18-000038,2018,Q2,10-Q,2018-08-07,CY2018Q2I,
2018-09-30,556000.0,0000719739-18-000049,2018,Q3,10-Q,2018-11-09,CY2018Q3I,
2018-12-31,598000.0,0000719739-19-000018,2018,FY,10-K,2019-02-28,CY2018Q4I,
2009-12-31,10331937000.0,0001193125-10-181548,2010,Q2,10-Q,2010-08-06,,
2009-12-31,10331937000.0,0001193125-10-250157,2010,Q3,10-Q,2010-11-05,,
2009-12-31,10331937000.0,0001193125-11-047635,2010,FY,10-K,2011-02-25,CY2009Q4I,
2010-06-30,12140413000.0,0001193125-10-181548,2010,Q2,10-Q,2010-08-06,CY2010Q2I,
2010-09-30,12414945000.0,0001193125-10-250157,2010,Q3,10-Q,2010-11-05,CY2010Q3I,
2010-12-31,14336941000.0,0001193125-11-047635,2010,FY,10-K,2011-02-25,,
2010-12-31,14336941000.0,0001193125-11-130721,2011,Q1,10-Q,2011-05-06,,
2010-12-31,14336941000.0,0001193125-11-212416,2011,Q2,10-Q,2011-08-05,,
2010-12-31,14336941000.0,0001193125-11-297377,2011,Q3,10-Q,2011-11-04,,
2010-12-31,14336941000.0,0001193125-12-085818,2011,FY,10-K,2012-02-28,CY2010Q4I,
2011-03-31,15330319000.0,0001193125-11-130721,2011,Q1,10-Q,2011-05-06,CY2011Q1I,
2011-06-30,16278474000.0,0001193125-11-212416,2011,Q2,10-Q,2011-08-05,CY2011Q2I,
2011-09-30,16139222000.0,0001193125-11-297377,2011,Q3,10-Q,2011-11-04,CY2011Q3I,
2011-12-31,16709536000.0,0001193125-12-085818,2011,FY,10-K,2012-02-28,,
2011-12-31,16709536000.0,0001193125-12-225234,2012,Q1,10-Q,2012-05-10,,
2011-12-31,16709536000.0,0001193125-12-344003,2012,Q2,10-Q,2012-08-08,,
2011-12-31,16709536000.0,0000719739-12-000011,2012,Q3,10-Q,2012-11-09,,
2011-12-31,16709536000.0,0000719739-13-000009,2012,FY,10-K,2013-02-27,CY2011Q4I,
2012-03-31,16716882000.0,0001193125-12-225234,2012,Q1,10-Q,2012-05-10,CY2012Q1I,
2012-06-30,18068812000.0,0001193125-12-344003,2012,Q2,10-Q,2012-08-08,CY2012Q2I,
2012-09-30,17725066000.0,0000719739-12-000011,2012,Q3,10-Q,2012-11-09,CY2012Q3I,
2012-12-31,19176452000.0,0000719739-13-000009,2012,FY,10-K,2013-02-27,,
2012-12-31,19176452000.0,0000719739-13-000019,2013,Q1,10-Q,2013-05-10,,
2012-12-31,19176452000.0,0000719739-13-000040,2013,Q2,10-Q,2013-08-08,,
2012-12-31,19176452000.0,0000719739-13-000054,2013,Q3,10-Q,2013-11-08,,
2012-12-31,19176452000.0,0000719739-14-000012,2013,FY,10-K,2014-02-27,CY2012Q4I,
2013-03-31,19309908000.0,0000719739-13-000019,2013,Q1,10-Q,2013-05-10,CY2013Q1I,
2013-06-30,18690074000.0,0000719739-13-000040,2013,Q2,10-Q,2013-08-08,CY2013Q2I,
2013-09-30,19996991000.0,0000719739-13-000054,2013,Q3,10-Q,2013-11-08,CY2013Q3I,
2013-12-31,22472979000.0,0000719739-14-000012,2013,FY,10-K,2014-02-27,,
2013-12-31,22472979000.0,0000719739-14-000021,2014,Q1,10-Q,2014-05-09,,
2013-12-31,22472979000.0,0000719739-14-000034,2014,Q2,10-Q,2014-08-08,,
2013-12-31,22472979000.0,0000719739-14-000044,2014,Q3,10-Q,2014-11-07,,
2013-12-31,22472979000.0,0000719739-15-000022,2014,FY,10-K,2015-02-26,CY2013Q4I,
2014-03-31,25476905000.0,0000719739-14-000021,2014,Q1,10-Q,2014-05-09,CY2014Q1I,
2014-06-30,28352547000.0,0000719739-14-000034,2014,Q2,10-Q,2014-08-08,CY2014Q2I,
2014-09-30,31123135000.0,0000719739-14-000044,2014,Q3,10-Q,2014-11-07,CY2014Q3I,
2014-12-31,34343499000.0,0000719739-15-000022,2014,FY,10-K,2015-02-26,,
2014-12-31,34343499000.0,0000719739-15-000034,2015,Q1,10-Q,2015-05-11,,
2014-12-31,34343499000.0,0000719739-15-000048,2015,Q2,10-Q,2015-08-07,,
2014-12-31,34343499000.0,0000719739-15-000059,2015,Q3,10-Q,2015-11-06,,
2014-12-31,34343499000.0,0000719739-16-000073,2015,FY,10-K,2016-02-26,CY2014Q4I,
2015-03-31,33851575000.0,0000719739-15-000034,2015,Q1,10-Q,2015-05-11,CY2015Q1I,
2015-06-30,35626965000.0,0000719739-15-000048,2015,Q2,10-Q,2015-08-07,CY2015Q2I,
2015-09-30,37049417000.0,0000719739-15-000059,2015,Q3,10-Q,2015-11-06,CY2015Q3I,
2015-12-31,39142776000.0,0000719739-16-000073,2015,FY,10-K,2016-02-26,,
2015-12-31,39142776000.0,0000719739-16-000085,2016,Q1,10-Q,2016-05-10,,
2015-12-31,39142776000.0,0000719739-16-000095,2016,Q2,10-Q,2016-08-08,,
2015-12-31,39142776000.0,0000719739-16-000114,2016,Q3,10-Q,2016-11-08,,
2015-12-31,39142776000.0,0000719739-17-000012,2016,FY,10-K,2017-02-28,CY2015Q4I,
2016-03-31,38759721000.0,0000719739-16-000085,2016,Q1,10-Q,2016-05-10,CY2016Q1I,
2016-06-30,37596567000.0,0000719739-16-000095,2016,Q2,10-Q,2016-08-08,CY2016Q2I,
2016-09-30,38189416000.0,0000719739-16-000114,2016,Q3,10-Q,2016-11-08,CY2016Q3I,
2016-12-31,38979868000.0,0000719739-17-000012,2016,FY,10-K,2017-02-28,,
2016-12-31,38979868000.0,0000719739-17-000021,2017,Q1,10-Q,2017-05-10,,
2016-12-31,38979868000.0,0000719739-17-000049,2017,Q2,10-Q,2017-08-07,,
2016-12-31,38979868000.0,0000719739-17-000062,2017,Q3,10-Q,2017-11-08,,
2016-12-31,38979868000.0,0000719739-18-000011,2017,FY,10-K,2018-02-28,CY2016Q4I,
2017-03-31,41079700000.0,0000719739-17-000021,2017,Q1,10-Q,2017-05-10,CY2017Q1I,
2017-06-30,42465291000.0,0000719739-17-000049,2017,Q2,10-Q,2017-08-07,CY2017Q2I,
2017-09-30,44812033000.0,0000719739-17-000062,2017,Q3,10-Q,2017-11-08,CY2017Q3I,
2017-12-31,44254075000.0,0000719739-18-000011,2017,FY,10-K,2018-02-28,,
2017-12-31,44254075000.0,0000719739-18-000024,2018,Q1,10-Q,2018-05-08,,
2017-12-31,44254075000.0,0000719739-18-000038,2018,Q2,10-Q,2018-08-07,,
2017-12-31,44254075000.0,0000719739-18-000049,2018,Q3,10-Q,2018-11-09,,
2017-12-31,44254075000.0,0000719739-19-000018,2018,FY,10-K,2019-02-28,CY2017Q4I,
2018-03-31,45936532000.0,0000719739-18-000024,2018,Q1,10-Q,2018-05-08,CY2018Q1I,
2018-06-30,48887295000.0,0000719739-18-000038,2018,Q2,10-Q,2018-08-07,CY2018Q2I,
2018-09-30,48596111000.0,0000719739-18-000049,2018,Q3,10-Q,2018-11-09,CY2018Q3I,
2018-12-31,49328900000.0,0000719739-19-000018,2018,FY,10-K,2019-02-28,,
2018-12-31,49328900000.0,0000719739-19-000034,2019,Q1,10-Q,2019-05-09,,
2018-12-31,49328900000.0,0000719739-19-000052,2019,Q2,10-Q,2019-08-09,,
2018-12-31,49328900000.0,0000719739-19-000075,2019,Q3,10-Q,2019-11-12,,
2018-12-31,49328900000.0,0000719739-20-000016,2019,FY,10-K,2020-02-28,CY2018Q4I,
2019-03-31,52327197000.0,0000719739-19-000034,2019,Q1,10-Q,2019-05-09,CY2019Q1I,
2019-06-30,55610540000.0,0000719739-19-000052,2019,Q2,10-Q,2019-08-09,CY2019Q2I,
2019-09-30,59542874000.0,0000719739-19-000075,2019,Q3,10-Q,2019-11-12,CY2019Q3I,
2019-12-31,61757807000.0,0000719739-20-000016,2019,FY,10-K,2020-02-28,,
2019-12-31,61757807000.0,0000719739-20-000036,2020,Q1,10-Q,2020-05-11,,
2019-12-31,61757807000.0,0000719739-20-000055,2020,Q2,10-Q,2020-08-10,,
2019-12-31,61757807000.0,0000719739-20-000074,2020,Q3,10-Q,2020-11-05,,
2019-12-31,61757807000.0,0000719739-21-000023,2020,FY,10-K,2021-03-01,CY2019Q4I,
2020-03-31,61911957000.0,0000719739-20-000036,2020,Q1,10-Q,2020-05-11,CY2020Q1I,
2020-06-30,74505764000.0,0000719739-20-000055,2020,Q2,10-Q,2020-08-10,CY2020Q2I,
2020-09-30,84773020000.0,0000719739-20-000074,2020,Q3,10-Q,2020-11-05,CY2020Q3I,
2020-12-31,101981807000.0,0000719739-21-000023,2020,FY,10-K,2021-03-01,,
2020-12-31,101981807000.0,0000719739-21-000036,2021,Q1,10-Q,2021-05-10,,
2020-12-31,101982000000.0,0000719739-21-000060,2021,Q2,10-Q,2021-08-06,,
2020-12-31,101982000000.0,0000719739-21-000071,2021,Q3,10-Q,2021-11-08,,
2020-12-31,101982000000.0,0000719739-22-000023,2021,FY,10-K,2022-03-01,CY2020Q4I,
2021-03-31,124150106000.0,0000719739-21-000036,2021,Q1,10-Q,2021-05-10,CY2021Q1I,
2021-06-30,145838000000.0,0000719739-21-000060,2021,Q2,10-Q,2021-08-06,CY2021Q2I,
2021-09-30,171182000000.0,0000719739-21-000071,2021,Q3,10-Q,2021-11-08,CY2021Q3I,
2021-12-31,189203000000.0,0000719739-22-000023,2021,FY,10-K,2022-03-01,,
2021-12-31,189203000000.0,0000719739-22-000040,2022,Q1,10-Q,2022-05-06,,
2021-12-31,189203000000.0,0000719739-22-000055,2022,Q2,10-Q,2022-08-08,,
2021-12-31,189203000000.0,0000719739-22-000081,2022,Q3,10-Q,2022-11-07,,
2021-12-31,189203000000.0,0000719739-23-000021,2022,FY,10-K,2023-02-24,CY2021Q4I,
2022-03-31,198134000000.0,0000719739-22-000040,2022,Q1,10-Q,2022-05-06,CY2022Q1I,
2022-06-30,187945000000.0,0000719739-22-000055,2022,Q2,10-Q,2022-08-08,CY2022Q2I,
2022-09-30,176819000000.0,0000719739-22-000081,2022,Q3,10-Q,2022-11-07,CY2022Q3I,
2022-12-31,173109000000.0,0000719739-23-000021,2022,FY,10-K,2023-02-24,CY2022Q4I,
2008-12-31,37500000.0,0001193125-11-047635,2010,FY,10-K,2011-02-25,CY2008,2008-01-01
2009-06-30,27312000.0,0001193125-10-181548,2010,Q2,10-Q,2010-08-06,,2009-01-01
2009-09-30,35824000.0,0001193125-10-250157,2010,Q3,10-Q,2010-11-05,,2009-01-01
2009-12-31,39050000.0,0001193125-11-047635,2010,FY,10-K,2011-02-25,,2009-01-01
2009-12-31,39050000.0,0001193125-12-085818,2011,FY,10-K,2012-02-28,CY2009,2009-01-01
2010-03-31,1129000.0,0001193125-11-130721,2011,Q1,10-Q,2011-05-06,CY2010Q1,2010-01-01
2010-06-30,20876000.0,0001193125-10-181548,2010,Q2,10-Q,2010-08-06,,2010-01-01
2010-06-30,20876000.0,0001193125-11-212416,2011,Q2,10-Q,2011-08-05,,2010-01-01
2010-09-30,21360000.0,0001193125-10-250157,2010,Q3,10-Q,2010-11-05,,2010-01-01
2010-09-30,21360000.0,0001193125-11-297377,2011,Q3,10-Q,2011-11-04,,2010-01-01
2010-12-31,41763000.0,0000719739-13-000009,2012,FY,10-K,2013-02-27,CY2010,2009-12-31
2010-12-31,41763000.0,0001193125-11-047635,2010,FY,10-K,2011-02-25,,2010-01-01
2010-12-31,41763000.0,0001193125-12-085818,2011,FY,10-K,2012-02-28,,2010-01-01
2011-03-31,4891000.0,0001193125-11-130721,2011,Q1,10-Q,2011-05-06,,2011-01-01
2011-03-31,4891000.0,0001193125-12-225234,2012,Q1,10-Q,2012-05-10,CY2011Q1,2011-01-01
2011-06-30,53336000.0,0001193125-11-212416,2011,Q2,10-Q,2011-08-05,,2011-01-01
2011-06-30,53336000.0,0001193125-12-344003,2012,Q2,10-Q,2012-08-08,,2011-01-01
2011-09-30,74313000.0,0001193125-11-297377,2011,Q3,10-Q,2011-11-04,,2011-01-01
2011-09-30,74313000.0,0000719739-12-000011,2012,Q3,10-Q,2012-11-09,,2011-01-01
2011-12-31,103848000.0,0000719739-13-000009,2012,FY,10-K,2013-02-27,CY2011,2010-12-31
2011-12-31,103848000.0,0001193125-12-085818,2011,FY,10-K,2012-02-28,,2011-01-01
2011-12-31,103848000.0,0000719739-14-000012,2013,FY,10-K,2014-02-27,,2011-01-01
2012-03-31,6556000.0,0001193125-12-225234,2012,Q1,10-Q,2012-05-10,,2012-01-01
2012-03-31,6556000.0,0000719739-13-000019,2013,Q1,10-Q,2013-05-10,CY2012Q1,2012-01-01
2012-06-30,58992000.0,0001193125-12-344003,2012,Q2,10-Q,2012-08-08,,2012-01-01
2012-06-30,58992000.0,0000719739-13-000040,2013,Q2,10-Q,2013-08-08,,2012-01-01
2012-09-30,69094000.0,0000719739-12-000011,2012,Q3,10-Q,2012-11-09,,2012-01-01
2012-09-30,69094000.0,0000719739-13-000054,2013,Q3,10-Q,2013-11-08,,2012-01-01
2012-12-31,95678000.0,0000719739-13-000009,2012,FY,10-K,2013-02-27,,2012-01-01
2012-12-31,95678000.0,0000719739-14-000012,2013,FY,10-K,2014-02-27,,2012-01-01
2012-12-31,95678000.0,0000719739-15-000022,2014,FY,10-K,2015-02-26,CY2012,2012-01-01
2013-03-31,19318000.0,0000719739-13-000019,2013,Q1,10-Q,2013-05-10,,2013-01-01
2013-03-31,19318000.0,0000719739-14-000021,2014,Q1,10-Q,2014-05-09,CY2013Q1,2013-01-01
2013-06-30,64423000.0,0000719739-13-000040,2013,Q2,10-Q,2013-08-08,,2013-01-01
2013-06-30,64423000.0,0000719739-14-000034,2014,Q2,10-Q,2014-08-08,,2013-01-01
2013-09-30,107282000.0,0000719739-13-000054,2013,Q3,10-Q,2013-11-08,,2013-01-01
2013-09-30,107282000.0,0000719739-14-000044,2014,Q3,10-Q,2014-11-07,,2013-01-01
2013-12-31,142231000.0,0000719739-14-000012,2013,FY,10-K,2014-02-27,,2013-01-01
2013-12-31,142231000.0,0000719739-15-000022,2014,FY,10-K,2015-02-26,,2013-01-01
2013-12-31,142231000.0,0000719739-16-000073,2015,FY,10-K,2016-02-26,CY2013,2013-01-01
2014-03-31,15486000.0,0000719739-14-000021,2014,Q1,10-Q,2014-05-09,,2014-01-01
2014-03-31,15486000.0,0000719739-15-000034,2015,Q1,10-Q,2015-05-11,CY2014Q1,2014-01-01
2014-06-30,75057000.0,0000719739-14-000034,2014,Q2,10-Q,2014-08-08,,2014-01-01
2014-06-30,75057000.0,0000719739-15-000048,2015,Q2,10-Q,2015-08-07,,2014-01-01
2014-09-30,154746000.0,0000719739-14-000044,2014,Q3,10-Q,2014-11-07,,2014-01-01
2014-09-30,154746000.0,0000719739-15-000059,2015,Q3,10-Q,2015-11-06,,2014-01-01
2014-12-31,208558000.0,0000719739-15-000022,2014,FY,10-K,2015-02-26,,2014-01-01
2014-12-31,208558000.0,0000719739-16-000073,2015,FY,10-K,2016-02-26,,2014-01-01
2014-12-31,208558000.0,0000719739-17-000012,2016,FY,10-K,2017-02-28,CY2014,2014-01-01
2015-03-31,46599000.0,0000719739-15-000034,2015,Q1,10-Q,2015-05-11,,2015-01-01
2015-03-31,46599000.0,0000719739-16-000085,2016,Q1,10-Q,2016-05-10,CY2015Q1,2015-01-01
2015-06-30,93439000.0,0000719739-15-000048,2015,Q2,10-Q,2015-08-07,,2015-01-01
2015-06-30,93439000.0,0000719739-16-000095,2016,Q2,10-Q,2016-08-08,,2015-01-01
2015-09-30,182479000.0,0000719739-15-000059,2015,Q3,10-Q,2015-11-06,,2015-01-01
2015-09-30,182479000.0,0000719739-16-000114,2016,Q3,10-Q,2016-11-08,,2015-01-01
2015-12-31,220484000.0,0000719739-16-000073,2015,FY,10-K,2016-02-26,,2015-01-01
2015-12-31,220484000.0,0000719739-17-000012,2016,FY,10-K,2017-02-28,,2015-01-01
2015-12-31,220484000.0,0000719739-18-000011,2017,FY,10-K,2018-02-28,CY2015,2015-01-01
2016-03-31,35778000.0,0000719739-16-000085,2016,Q1,10-Q,2016-05-10,,2016-01-01
2016-03-31,35778000.0,0000719739-17-000021,2017,Q1,10-Q,2017-05-10,CY2016Q1,2016-01-01
2016-06-30,157825000.0,0000719739-16-000095,2016,Q2,10-Q,2016-08-08,,2016-01-01
2016-06-30,157825000.0,0000719739-17-000049,2017,Q2,10-Q,2017-08-07,,2016-01-01
2016-09-30,186474000.0,0000719739-16-000114,2016,Q3,10-Q,2016-11-08,,2016-01-01
2016-09-30,186474000.0,0000719739-17-000062,2017,Q3,10-Q,2017-11-08,,2016-01-01
2016-12-31,240752000.0,0000719739-17-000012,2016,FY,10-K,2017-02-28,,2016-01-01
2016-12-31,240752000.0,0000719739-18-000011,2017,FY,10-K,2018-02-28,,2016-01-01
2016-12-31,240752000.0,0000719739-19-000018,2018,FY,10-K,2019-02-28,CY2016,2016-01-01
2017-03-31,3304000.0,0000719739-17-000021,2017,Q1,10-Q,2017-05-10,,2017-01-01
2017-03-31,3304000.0,0000719739-18-000024,2018,Q1,10-Q,2018-05-08,CY2017Q1,2017-01-01
2017-06-30,137371000.0,0000719739-17-000049,2017,Q2,10-Q,2017-08-07,,2017-01-01
2017-06-30,137371000.0,0000719739-18-000038,2018,Q2,10-Q,2018-08-07,,2017-01-01
2017-09-30,190706000.0,0000719739-17-000062,2017,Q3,10-Q,2017-11-08,,2017-01-01
2017-09-30,190706000.0,0000719739-18-000049,2018,Q3,10-Q,2018-11-09,,2017-01-01
2017-12-31,277823000.0,0000719739-18-000011,2017,FY,10-K,2018-02-28,,2017-01-01
2017-12-31,277823000.0,0000719739-19-000018,2018,FY,10-K,2019-02-28,,2017-01-01
2017-12-31,277823000.0,0000719739-20-000016,2019,FY,10-K,2020-02-28,CY2017,2017-01-01
2018-03-31,9385000.0,0000719739-18-000024,2018,Q1,10-Q,2018-05-08,,2018-01-01
2018-03-31,9385000.0,0000719739-19-000034,2019,Q1,10-Q,2019-05-09,CY2018Q1,2018-01-01
2018-06-30,193682000.0,0000719739-18-000038,2018,Q2,10-Q,2018-08-07,,2018-01-01
2018-06-30,193682000.0,0000719739-19-000052,2019,Q2,10-Q,2019-08-09,,2018-01-01
2018-09-30,277388000.0,0000719739-18-000049,2018,Q3,10-Q,2018-11-09,,2018-01-01
2018-09-30,277388000.0,0000719739-19-000075,2019,Q3,10-Q,2019-11-12,,2018-01-01
2018-12-31,376425000.0,0000719739-19-000018,2018,FY,10-K,2019-02-28,,2018-01-01
2018-12-31,376425000.0,0000719739-20-000016,2019,FY,10-K,2020-02-28,,2018-01-01
2018-12-31,376425000.0,0000719739-21-000023,2020,FY,10-K,2021-03-01,CY2018,2018-01-01
2019-03-31,17570000.0,0000719739-19-000034,2019,Q1,10-Q,2019-05-09,,2019-01-01
2019-03-31,17570000.0,0000719739-20-000036,2020,Q1,10-Q,2020-05-11,CY2019Q1,2019-01-01
2019-06-30,310604000.0,0000719739-19-000052,2019,Q2,10-Q,2019-08-09,,2019-01-01
2019-06-30,310604000.0,0000719739-20-000055,2020,Q2,10-Q,2020-08-10,,2019-01-01
2019-09-30,379579000.0,0000719739-19-000075,2019,Q3,10-Q,2019-11-12,,2019-01-01
2019-09-30,379579000.0,0000719739-20-000074,2020,Q3,10-Q,2020-11-05,,2019-01-01
2019-12-31,422346000.0,0000719739-20-000016,2019,FY,10-K,2020-02-28,,2019-01-01
2019-12-31,422346000.0,0000719739-21-000023,2020,FY,10-K,2021-03-01,,2019-01-01
2019-12-31,422000000.0,0000719739-22-000023,2021,FY,10-K,2022-03-01,CY2019,2019-01-01
2020-03-31,31988000.0,0000719739-20-000036,2020,Q1,10-Q,2020-05-11,,2020-01-01
2020-03-31,31988000.0,0000719739-21-000036,2021,Q1,10-Q,2021-05-10,CY2020Q1,2020-01-01
2020-06-30,57539000.0,0000719739-20-000055,2020,Q2,10-Q,2020-08-10,,2020-01-01
2020-06-30,58000000.0,0000719739-21-000060,2021,Q2,10-Q,2021-08-06,,2020-01-01
2020-09-30,287098000.0,0000719739-20-000074,2020,Q3,10-Q,2020-11-05,,2020-01-01
2020-09-30,287000000.0,0000719739-21-000071,2021,Q3,10-Q,2021-11-08,,2020-01-01
2020-12-31,299175000.0,0000719739-21-000023,2020,FY,10-K,2021-03-01,,2020-01-01
2020-12-31,299000000.0,0000719739-22-000023,2021,FY,10-K,2022-03-01,,2020-01-01
2020-12-31,299000000.0,0000719739-23-000021,2022,FY,10-K,2023-02-24,CY2020,2020-01-01
2021-03-31,28841000.0,0000719739-21-000036,2021,Q1,10-Q,2021-05-10,,2021-01-01
2021-03-31,29000000.0,0000719739-22-000040,2022,Q1,10-Q,2022-05-06,CY2021Q1,2021-01-01
2021-06-30,370000000.0,0000719739-21-000060,2021,Q2,10-Q,2021-08-06,,2021-01-01
2021-06-30,370000000.0,0000719739-22-000055,2022,Q2,10-Q,2022-08-08,,2021-01-01
2021-09-30,547000000.0,0000719739-21-000071,2021,Q3,10-Q,2021-11-08,,2021-01-01
2021-09-30,547000000.0,0000719739-22-000081,2022,Q3,10-Q,2022-11-07,,2021-01-01
2021-12-31,739000000.0,0000719739-22-000023,2021,FY,10-K,2022-03-01,,2021-01-01
2021-12-31,739000000.0,0000719739-23-000021,2022,FY,10-K,2023-02-24,CY2021,2021-01-01
2022-03-31,31000000.0,0000719739-22-000040,2022,Q1,10-Q,2022-05-06,CY2022Q1,2022-01-01
2022-06-30,252000000.0,0000719739-22-000055,2022,Q2,10-Q,2022-08-08,,2022-01-01
2022-09-30,249000000.0,0000719739-22-000081,2022,Q3,10-Q,2022-11-07,,2022-01-01
2022-12-31,96000000.0,0000719739-23-000021,2022,FY,10-K,2023-02-24,CY2022,2022-01-01
2017-12-31,24435172000.0,0000719739-18-000049,2018,Q3,10-Q,2018-11-09,,
2017-12-31,24435172000.0,0000719739-19-000018,2018,FY,10-K,2019-02-28,CY2017Q4I,
2018-09-30,25883584000.0,0000719739-18-000049,2018,Q3,10-Q,2018-11-09,CY2018Q3I,
2018-12-31,24218589000.0,0000719739-19-000018,2018,FY,10-K,2019-02-28,,
2018-12-31,24218589000.0,0000719739-19-000034,2019,Q1,10-Q,2019-05-09,,
2018-12-31,24218589000.0,0000719739-19-000052,2019,Q2,10-Q,2019-08-09,,
2018-12-31,24218589000.0,0000719739-19-000075,2019,Q3,10-Q,2019-11-12,,
2018-12-31,24218589000.0,0000719739-20-000016,2019,FY,10-K,2020-02-28,CY2018Q4I,
2019-03-31,22785328000.0,0000719739-19-000034,2019,Q1,10-Q,2019-05-09,CY2019Q1I,
2019-06-30,23888832000.0,0000719739-19-000052,2019,Q2,10-Q,2019-08-09,CY2019Q2I,
2019-09-30,28424029000.0,0000719739-19-000075,2019,Q3,10-Q,2019-11-12,CY2019Q3I,
2019-12-31,29071694000.0,0000719739-20-000016,2019,FY,10-K,2020-02-28,,
2019-12-31,29071694000.0,0000719739-20-000036,2020,Q1,10-Q,2020-05-11,,
2019-12-31,29071694000.0,0000719739-20-000055,2020,Q2,10-Q,2020-08-10,,
2019-12-31,29071694000.0,0000719739-20-000074,2020,Q3,10-Q,2020-11-05,,
2019-12-31,29071694000.0,0000719739-21-000023,2020,FY,10-K,2021-03-01,CY2019Q4I,
2020-03-31,27422948000.0,0000719739-20-000036,2020,Q1,10-Q,2020-05-11,CY2020Q1I,
2020-06-30,32581314000.0,0000719739-20-000055,2020,Q2,10-Q,2020-08-10,CY2020Q2I,
2020-09-30,40433910000.0,0000719739-20-000074,2020,Q3,10-Q,2020-11-05,CY2020Q3I,
2020-12-31,49306826000.0,0000719739-21-000023,2020,FY,10-K,2021-03-01,,
2020-12-31,49306826000.0,0000719739-21-000036,2021,Q1,10-Q,2021-05-10,,
2020-12-31,49307000000.0,0000719739-21-000060,2021,Q2,10-Q,2021-08-06,,
2020-12-31,49307000000.0,0000719739-21-000071,2021,Q3,10-Q,2021-11-08,,
2020-12-31,49307000000.0,0000719739-22-000023,2021,FY,10-K,2022-03-01,CY2020Q4I,
2021-03-31,69008852000.0,0000719739-21-000036,2021,Q1,10-Q,2021-05-10,CY2021Q1I,
2021-06-30,85811000000.0,0000719739-21-000060,2021,Q2,10-Q,2021-08-06,CY2021Q2I,
2021-09-30,107834000000.0,0000719739-21-000071,2021,Q3,10-Q,2021-11-08,CY2021Q3I,
2021-12-31,127959000000.0,0000719739-22-000023,2021,FY,10-K,2022-03-01,,
2021-12-31,127959000000.0,0000719739-22-000040,2022,Q1,10-Q,2022-05-06,,
2021-12-31,127959000000.0,0000719739-22-000055,2022,Q2,10-Q,2022-08-08,,
2021-12-31,127959000000.0,0000719739-22-000081,2022,Q3,10-Q,2022-11-07,,
2021-12-31,127959000000.0,0000719739-23-000021,2022,FY,10-K,2023-02-24,CY2021Q4I,
2022-03-31,127303000000.0,0000719739-22-000040,2022,Q1,10-Q,2022-05-06,CY2022Q1I,
2022-06-30,124682000000.0,0000719739-22-000055,2022,Q2,10-Q,2022-08-08,CY2022Q2I,
2022-09-30,122592000000.0,0000719739-22-000081,2022,Q3,10-Q,2022-11-07,CY2022Q3I,
2022-12-31,120054000000.0,0000719739-23-000021,2022,FY,10-K,2023-02-24,CY2022Q4I,
2009-12-31,11367289000.0,0001193125-10-181548,2010,Q2,10-Q,2010-08-06,,
2009-12-31,11367289000.0,0001193125-10-250157,2010,Q3,10-Q,2010-11-05,,
2009-12-31,11367289000.0,0001193125-11-047635,2010,FY,10-K,2011-02-25,CY2009Q4I,
2010-06-30,13277031000.0,0001193125-10-181548,2010,Q2,10-Q,2010-08-06,CY2010Q2I,
2010-09-30,13963773000.0,0001193125-10-250157,2010,Q3,10-Q,2010-11-05,CY2010Q3I,
2010-12-31,15779483000.0,0001193125-11-047635,2010,FY,10-K,2011-02-25,,
2010-12-31,15779483000.0,0001193125-11-130721,2011,Q1,10-Q,2011-05-06,,
2010-12-31,15779483000.0,0001193125-11-212416,2011,Q2,10-Q,2011-08-05,,
2010-12-31,15779483000.0,0001193125-11-297377,2011,Q3,10-Q,2011-11-04,,
2010-12-31,15779483000.0,0001193125-12-085818,2011,FY,10-K,2012-02-28,CY2010Q4I,
2011-03-31,16771235000.0,0001193125-11-130721,2011,Q1,10-Q,2011-05-06,CY2011Q1I,
2011-06-30,17350684000.0,0001193125-11-212416,2011,Q2,10-Q,2011-08-05,CY2011Q2I,
2011-09-30,17003035000.0,0001193125-11-297377,2011,Q3,10-Q,2011-11-04,CY2011Q3I,
2011-12-31,17718505000.0,0001193125-12-085818,2011,FY,10-K,2012-02-28,,
2011-12-31,17718505000.0,0001193125-12-225234,2012,Q1,10-Q,2012-05-10,,
2011-12-31,17718505000.0,0001193125-12-344003,2012,Q2,10-Q,2012-08-08,,
2011-12-31,17718505000.0,0000719739-12-000011,2012,Q3,10-Q,2012-11-09,,
2011-12-31,17718505000.0,0000719739-13-000009,2012,FY,10-K,2013-02-27,CY2011Q4I,
2012-03-31,18475634000.0,0001193125-12-225234,2012,Q1,10-Q,2012-05-10,CY2012Q1I,
2012-06-30,18845447000.0,0001193125-12-344003,2012,Q2,10-Q,2012-08-08,CY2012Q2I,
2012-09-30,19021588000.0,0000719739-12-000011,2012,Q3,10-Q,2012-11-09,CY2012Q3I,
2012-12-31,20160890000.0,0000719739-13-000009,2012,FY,10-K,2013-02-27,,
2012-12-31,20160890000.0,0000719739-13-000019,2013,Q1,10-Q,2013-05-10,,
2012-12-31,20160890000.0,0000719739-13-000040,2013,Q2,10-Q,2013-08-08,,
2012-12-31,20160890000.0,0000719739-13-000054,2013,Q3,10-Q,2013-11-08,,
2012-12-31,20160890000.0,0000719739-14-000012,2013,FY,10-K,2014-02-27,CY2012Q4I,
2013-03-31,20133942000.0,0000719739-13-000019,2013,Q1,10-Q,2013-05-10,CY2013Q1I,
2013-06-30,19481806000.0,0000719739-13-000040,2013,Q2,10-Q,2013-08-08,CY2013Q2I,
2013-09-30,20817220000.0,0000719739-13-000054,2013,Q3,10-Q,2013-11-08,CY2013Q3I,
2013-12-31,23337861000.0,0000719739-14-000012,2013,FY,10-K,2014-02-27,,
2013-12-31,23337861000.0,0000719739-14-000021,2014,Q1,10-Q,2014-05-09,,
2013-12-31,23337861000.0,0000719739-14-000034,2014,Q2,10-Q,2014-08-08,,
2013-12-31,23337861000.0,0000719739-14-000044,2014,Q3,10-Q,2014-11-07,,
2013-12-31,23337861000.0,0000719739-15-000022,2014,FY,10-K,2015-02-26,CY2013Q4I,
2014-03-31,26344058000.0,0000719739-14-000021,2014,Q1,10-Q,2014-05-09,CY2014Q1I,
2014-06-30,29370992000.0,0000719739-14-000034,2014,Q2,10-Q,2014-08-08,CY2014Q2I,
2014-09-30,32100991000.0,0000719739-14-000044,2014,Q3,10-Q,2014-11-07,CY2014Q3I,
2014-12-31,35288216000.0,0000719739-15-000022,2014,FY,10-K,2015-02-26,,
2014-12-31,35288216000.0,0000719739-15-000034,2015,Q1,10-Q,2015-05-11,,
2014-12-31,35288216000.0,0000719739-15-000048,2015,Q2,10-Q,2015-08-07,,
2014-12-31,35286135000.0,0000719739-15-000059,2015,Q3,10-Q,2015-11-06,,
2014-12-31,35286135000.0,0000719739-16-000073,2015,FY,10-K,2016-02-26,CY2014Q4I,
2015-03-31,35418759000.0,0000719739-15-000034,2015,Q1,10-Q,2015-05-11,CY2015Q1I,
2015-06-30,37046646000.0,0000719739-15-000048,2015,Q2,10-Q,2015-08-07,CY2015Q2I,
2015-09-30,38416754000.0,0000719739-15-000059,2015,Q3,10-Q,2015-11-06,CY2015Q3I,
2015-12-31,41353472000.0,0000719739-16-000073,2015,FY,10-K,2016-02-26,,
2015-12-31,41353472000.0,0000719739-16-000085,2016,Q1,10-Q,2016-05-10,,
2015-12-31,41353472000.0,0000719739-16-000095,2016,Q2,10-Q,2016-08-08,,
2015-12-31,41353472000.0,0000719739-16-000114,2016,Q3,10-Q,2016-11-08,,
2015-12-31,41353472000.0,0000719739-17-000012,2016,FY,10-K,2017-02-28,CY2015Q4I,
2016-03-31,40062862000.0,0000719739-16-000085,2016,Q1,10-Q,2016-05-10,CY2016Q1I,
2016-06-30,39498861000.0,0000719739-16-000095,2016,Q2,10-Q,2016-08-08,CY2016Q2I,
2016-09-30,39550720000.0,0000719739-16-000114,2016,Q3,10-Q,2016-11-08,CY2016Q3I,
2016-12-31,40906623000.0,0000719739-17-000012,2016,FY,10-K,2017-02-28,,
2016-12-31,40906623000.0,0000719739-17-000021,2017,Q1,10-Q,2017-05-10,,
2016-12-31,40906623000.0,0000719739-17-000049,2017,Q2,10-Q,2017-08-07,,
2016-12-31,40906623000.0,0000719739-17-000062,2017,Q3,10-Q,2017-11-08,,
2016-12-31,40906623000.0,0000719739-18-000011,2017,FY,10-K,2018-02-28,CY2016Q4I,
2017-03-31,42509883000.0,0000719739-17-000021,2017,Q1,10-Q,2017-05-10,CY2017Q1I,
2017-06-30,44360344000.0,0000719739-17-000049,2017,Q2,10-Q,2017-08-07,CY2017Q2I,
2017-09-30,46556989000.0,0000719739-17-000062,2017,Q3,10-Q,2017-11-08,CY2017Q3I,
2017-12-31,46895052000.0,0000719739-18-000011,2017,FY,10-K,2018-02-28,,
2017-12-31,46895052000.0,0000719739-18-000024,2018,Q1,10-Q,2018-05-08,,
2017-12-31,46895052000.0,0000719739-18-000038,2018,Q2,10-Q,2018-08-07,,
2017-12-31,46895052000.0,0000719739-18-000049,2018,Q3,10-Q,2018-11-09,,
2017-12-31,46895052000.0,0000719739-19-000018,2018,FY,10-K,2019-02-28,CY2017Q4I,
2018-03-31,48941063000.0,0000719739-18-000024,2018,Q1,10-Q,2018-05-08,CY2018Q1I,
2018-06-30,51062904000.0,0000719739-18-000038,2018,Q2,10-Q,2018-08-07,CY2018Q2I,
2018-09-30,53069689000.0,0000719739-18-000049,2018,Q3,10-Q,2018-11-09,CY2018Q3I,
2018-12-31,51663136000.0,0000719739-19-000018,2018,FY,10-K,2019-02-28,,
2018-12-31,51663136000.0,0000719739-19-000034,2019,Q1,10-Q,2019-05-09,,
2018-12-31,51663136000.0,0000719739-19-000052,2019,Q2,10-Q,2019-08-09,,
2018-12-31,51663136000.0,0000719739-19-000075,2019,Q3,10-Q,2019-11-12,,
2018-12-31,51663136000.0,0000719739-20-000016,2019,FY,10-K,2020-02-28,CY2018Q4I,
2019-03-31,54676462000.0,0000719739-19-000034,2019,Q1,10-Q,2019-05-09,CY2019Q1I,
2019-06-30,58067564000.0,0000719739-19-000052,2019,Q2,10-Q,2019-08-09,CY2019Q2I,
2019-09-30,62182764000.0,0000719739-19-000075,2019,Q3,10-Q,2019-11-12,CY2019Q3I,
2019-12-31,64383823000.0,0000719739-20-000016,2019,FY,10-K,2020-02-28,,
2019-12-31,64383823000.0,0000719739-20-000036,2020,Q1,10-Q,2020-05-11,,
2019-12-31,64383823000.0,0000719739-20-000055,2020,Q2,10-Q,2020-08-10,,
2019-12-31,64383823000.0,0000719739-20-000074,2020,Q3,10-Q,2020-11-05,,
2019-12-31,64383823000.0,0000719739-21-000023,2020,FY,10-K,2021-03-01,CY2019Q4I,
2020-03-31,67826419000.0,0000719739-20-000036,2020,Q1,10-Q,2020-05-11,CY2020Q1I,
2020-06-30,78262672000.0,0000719739-20-000055,2020,Q2,10-Q,2020-08-10,CY2020Q2I,
2020-09-30,88949391000.0,0000719739-20-000074,2020,Q3,10-Q,2020-11-05,CY2020Q3I,
2020-12-31,107077516000.0,0000719739-21-000023,2020,FY,10-K,2021-03-01,,
2020-12-31,107077516000.0,0000719739-21-000036,2021,Q1,10-Q,2021-05-10,,
2020-12-31,107078000000.0,0000719739-21-000060,2021,Q2,10-Q,2021-08-06,,
2020-12-31,107078000000.0,0000719739-21-000071,2021,Q3,10-Q,2021-11-08,,
2020-12-31,107078000000.0,0000719739-22-000023,2021,FY,10-K,2022-03-01,CY2020Q4I,
2021-03-31,132225841000.0,0000719739-21-000036,2021,Q1,10-Q,2021-05-10,CY2021Q1I,
2021-06-30,151432000000.0,0000719739-21-000060,2021,Q2,10-Q,2021-08-06,CY2021Q2I,
2021-09-30,176327000000.0,0000719739-21-000071,2021,Q3,10-Q,2021-11-08,CY2021Q3I,
2021-12-31,194869000000.0,0000719739-22-000023,2021,FY,10-K,2022-03-01,,
2021-12-31,194869000000.0,0000719739-22-000040,2022,Q1,10-Q,2022-05-06,,
2021-12-31,194869000000.0,0000719739-22-000055,2022,Q2,10-Q,2022-08-08,,
2021-12-31,194699000000.0,0000719739-22-000081,2022,Q3,10-Q,2022-11-07,,
2021-12-31,194699000000.0,0000719739-23-000021,2022,FY,10-K,2023-02-24,CY2021Q4I,
2022-03-31,203995000000.0,0000719739-22-000040,2022,Q1,10-Q,2022-05-06,CY2022Q1I,
2022-06-30,198113000000.0,0000719739-22-000055,2022,Q2,10-Q,2022-08-08,CY2022Q2I,
2022-09-30,197057000000.0,0000719739-22-000081,2022,Q3,10-Q,2022-11-07,CY2022Q3I,
2022-12-31,195498000000.0,0000719739-23-000021,2022,FY,10-K,2023-02-24,CY2022Q4I,
2009-12-31,329447000.0,0001193125-10-181548,2010,Q2,10-Q,2010-08-06,,
2009-12-31,329447000.0,0001193125-10-250157,2010,Q3,10-Q,2010-11-05,,
2009-12-31,329447000.0,0001193125-11-047635,2010,FY,10-K,2011-02-25,CY2009Q4I,
2010-06-30,342548000.0,0001193125-10-181548,2010,Q2,10-Q,2010-08-06,CY2010Q2I,
2010-09-30,395682000.0,0001193125-10-250157,2010,Q3,10-Q,2010-11-05,CY2010Q3I,
2010-12-31,328187000.0,0001193125-11-047635,2010,FY,10-K,2011-02-25,,
2010-12-31,328187000.0,0001193125-11-130721,2011,Q1,10-Q,2011-05-06,,
2010-12-31,328187000.0,0001193125-11-212416,2011,Q2,10-Q,2011-08-05,,
2010-12-31,328187000.0,0001193125-11-297377,2011,Q3,10-Q,2011-11-04,,
2010-12-31,328187000.0,0001193125-12-085818,2011,FY,10-K,2012-02-28,CY2010Q4I,
2011-03-31,354034000.0,0001193125-11-130721,2011,Q1,10-Q,2011-05-06,CY2011Q1I,
2011-06-30,399474000.0,0001193125-11-212416,2011,Q2,10-Q,2011-08-05,CY2011Q2I,
2011-09-30,265242000.0,0001193125-11-297377,2011,Q3,10-Q,2011-11-04,CY2011Q3I,
2011-12-31,376854000.0,0001193125-12-085818,2011,FY,10-K,2012-02-28,,
2011-12-31,376854000.0,0001193125-12-225234,2012,Q1,10-Q,2012-05-10,,
2011-12-31,376854000.0,0001193125-12-344003,2012,Q2,10-Q,2012-08-08,,
2011-12-31,376854000.0,0000719739-12-000011,2012,Q3,10-Q,2012-11-09,,
2011-12-31,376854000.0,0000719739-13-000009,2012,FY,10-K,2013-02-27,CY2011Q4I,
2012-03-31,338544000.0,0001193125-12-225234,2012,Q1,10-Q,2012-05-10,CY2012Q1I,
2012-06-30,368425000.0,0001193125-12-344003,2012,Q2,10-Q,2012-08-08,CY2012Q2I,
2012-09-30,299594000.0,0000719739-12-000011,2012,Q3,10-Q,2012-11-09,CY2012Q3I,
2012-12-31,326871000.0,0000719739-13-000009,2012,FY,10-K,2013-02-27,,
2012-12-31,326871000.0,0000719739-13-000019,2013,Q1,10-Q,2013-05-10,,
2012-12-31,326871000.0,0000719739-13-000040,2013,Q2,10-Q,2013-08-08,,
2012-12-31,326871000.0,0000719739-13-000054,2013,Q3,10-Q,2013-11-08,,
2012-12-31,326871000.0,0000719739-14-000012,2013,FY,10-K,2014-02-27,CY2012Q4I,
2013-03-31,354402000.0,0000719739-13-000019,2013,Q1,10-Q,2013-05-10,CY2013Q1I,
2013-06-30,413639000.0,0000719739-13-000040,2013,Q2,10-Q,2013-08-08,CY2013Q2I,
2013-09-30,397432000.0,0000719739-13-000054,2013,Q3,10-Q,2013-11-08,CY2013Q3I,
2013-12-31,465110000.0,0000719739-14-000012,2013,FY,10-K,2014-02-27,,
2013-12-31,465110000.0,0000719739-14-000021,2014,Q1,10-Q,2014-05-09,,
2013-12-31,465110000.0,0000719739-14-000034,2014,Q2,10-Q,2014-08-08,,
2013-12-31,465110000.0,0000719739-14-000044,2014,Q3,10-Q,2014-11-07,,
2013-12-31,465110000.0,0000719739-15-000022,2014,FY,10-K,2015-02-26,CY2013Q4I,
2014-03-31,458531000.0,0000719739-14-000021,2014,Q1,10-Q,2014-05-09,CY2014Q1I,
2014-06-30,465792000.0,0000719739-14-000034,2014,Q2,10-Q,2014-08-08,CY2014Q2I,
2014-09-30,506964000.0,0000719739-14-000044,2014,Q3,10-Q,2014-11-07,CY2014Q3I,
2014-12-31,559231000.0,0000719739-15-000022,2014,FY,10-K,2015-02-26,,
2014-12-31,555289000.0,0000719739-15-000034,2015,Q1,10-Q,2015-05-11,,
2014-12-31,555289000.0,0000719739-15-000048,2015,Q2,10-Q,2015-08-07,,
2014-12-31,553208000.0,0000719739-15-000059,2015,Q3,10-Q,2015-11-06,,
2014-12-31,553208000.0,0000719739-16-000073,2015,FY,10-K,2016-02-26,CY2014Q4I,
2015-03-31,762971000.0,0000719739-15-000034,2015,Q1,10-Q,2015-05-11,CY2015Q1I,
2015-06-30,576342000.0,0000719739-15-000048,2015,Q2,10-Q,2015-08-07,CY2015Q2I,
2015-09-30,580370000.0,0000719739-15-000059,2015,Q3,10-Q,2015-11-06,CY2015Q3I,
2015-12-31,709707000.0,0000719739-16-000073,2015,FY,10-K,2016-02-26,,
2015-12-31,709707000.0,0000719739-16-000085,2016,Q1,10-Q,2016-05-10,,
2015-12-31,709707000.0,0000719739-16-000095,2016,Q2,10-Q,2016-08-08,,
2015-12-31,709707000.0,0000719739-16-000114,2016,Q3,10-Q,2016-11-08,,
2015-12-31,709707000.0,0000719739-17-000012,2016,FY,10-K,2017-02-28,CY2015Q4I,
2016-03-31,548108000.0,0000719739-16-000085,2016,Q1,10-Q,2016-05-10,CY2016Q1I,
2016-06-30,655543000.0,0000719739-16-000095,2016,Q2,10-Q,2016-08-08,CY2016Q2I,
2016-09-30,683180000.0,0000719739-16-000114,2016,Q3,10-Q,2016-11-08,CY2016Q3I,
2016-12-31,672688000.0,0000719739-17-000012,2016,FY,10-K,2017-02-28,,
2016-12-31,672688000.0,0000719739-17-000021,2017,Q1,10-Q,2017-05-10,,
2016-12-31,672688000.0,0000719739-17-000049,2017,Q2,10-Q,2017-08-07,,
2016-12-31,672688000.0,0000719739-17-000062,2017,Q3,10-Q,2017-11-08,,
2016-12-31,672688000.0,0000719739-18-000011,2017,FY,10-K,2018-02-28,CY2016Q4I,
2017-03-31,675783000.0,0000719739-17-000021,2017,Q1,10-Q,2017-05-10,CY2017Q1I,
2017-06-30,1044125000.0,0000719739-17-000049,2017,Q2,10-Q,2017-08-07,CY2017Q2I,
2017-09-30,849761000.0,0000719739-17-000062,2017,Q3,10-Q,2017-11-08,CY2017Q3I,
2017-12-31,876246000.0,0000719739-18-000011,2017,FY,10-K,2018-02-28,,
2017-12-31,876246000.0,0000719739-18-000024,2018,Q1,10-Q,2018-05-08,,
2017-12-31,876246000.0,0000719739-18-000038,2018,Q2,10-Q,2018-08-07,,
2017-12-31,876246000.0,0000719739-18-000049,2018,Q3,10-Q,2018-11-09,,
2017-12-31,876246000.0,0000719739-19-000018,2018,FY,10-K,2019-02-28,CY2017Q4I,
2018-03-31,986523000.0,0000719739-18-000024,2018,Q1,10-Q,2018-05-08,CY2018Q1I,
2018-06-30,984424000.0,0000719739-18-000038,2018,Q2,10-Q,2018-08-07,CY2018Q2I,
2018-09-30,1105917000.0,0000719739-18-000049,2018,Q3,10-Q,2018-11-09,CY2018Q3I,
2018-12-31,951261000.0,0000719739-19-000018,2018,FY,10-K,2019-02-28,,
2018-12-31,951261000.0,0000719739-19-000034,2019,Q1,10-Q,2019-05-09,,
2018-12-31,951261000.0,0000719739-19-000052,2019,Q2,10-Q,2019-08-09,,
2018-12-31,951261000.0,0000719739-19-000075,2019,Q3,10-Q,2019-11-12,,
2018-12-31,951261000.0,0000719739-20-000016,2019,FY,10-K,2020-02-28,CY2018Q4I,
2019-03-31,1260899000.0,0000719739-19-000034,2019,Q1,10-Q,2019-05-09,CY2019Q1I,
2019-06-30,1465081000.0,0000719739-19-000052,2019,Q2,10-Q,2019-08-09,CY2019Q2I,
2019-09-30,1586068000.0,0000719739-19-000075,2019,Q3,10-Q,2019-11-12,CY2019Q3I,
2019-12-31,1745233000.0,0000719739-20-000016,2019,FY,10-K,2020-02-28,,
2019-12-31,1745233000.0,0000719739-20-000036,2020,Q1,10-Q,2020-05-11,,
2019-12-31,1745233000.0,0000719739-20-000055,2020,Q2,10-Q,2020-08-10,,
2019-12-31,1745233000.0,0000719739-20-000074,2020,Q3,10-Q,2020-11-05,,
2019-12-31,1745233000.0,0000719739-21-000023,2020,FY,10-K,2021-03-01,CY2019Q4I,
2020-03-31,2059055000.0,0000719739-20-000036,2020,Q1,10-Q,2020-05-11,CY2020Q1I,
2020-06-30,2240990000.0,0000719739-20-000055,2020,Q2,10-Q,2020-08-10,CY2020Q2I,
2020-09-30,2316979000.0,0000719739-20-000074,2020,Q3,10-Q,2020-11-05,CY2020Q3I,
2020-12-31,3205825000.0,0000719739-21-000023,2020,FY,10-K,2021-03-01,,
2020-12-31,3205825000.0,0000719739-21-000036,2021,Q1,10-Q,2021-05-10,,
2020-12-31,3206000000.0,0000719739-21-000060,2021,Q2,10-Q,2021-08-06,,
2020-12-31,3206000000.0,0000719739-21-000071,2021,Q3,10-Q,2021-11-08,,
2020-12-31,3206000000.0,0000719739-22-000023,2021,FY,10-K,2022-03-01,CY2020Q4I,
2021-03-31,4184114000.0,0000719739-21-000036,2021,Q1,10-Q,2021-05-10,CY2021Q1I,
2021-06-30,2650000000.0,0000719739-21-000060,2021,Q2,10-Q,2021-08-06,CY2021Q2I,
2021-09-30,2074000000.0,0000719739-21-000071,2021,Q3,10-Q,2021-11-08,CY2021Q3I,
2021-12-31,1928000000.0,0000719739-22-000023,2021,FY,10-K,2022-03-01,,
2021-12-31,1928000000.0,0000719739-22-000040,2022,Q1,10-Q,2022-05-06,,
2021-12-31,1928000000.0,0000719739-22-000055,2022,Q2,10-Q,2022-08-08,,
2021-12-31,1791000000.0,0000719739-22-000081,2022,Q3,10-Q,2022-11-07,,
2021-12-31,1791000000.0,0000719739-23-000021,2022,FY,10-K,2023-02-24,CY2021Q4I,
2022-03-31,3088000000.0,0000719739-22-000040,2022,Q1,10-Q,2022-05-06,CY2022Q1I,
2022-06-30,2777000000.0,0000719739-22-000055,2022,Q2,10-Q,2022-08-08,CY2022Q2I,
2022-09-30,3523000000.0,0000719739-22-000081,2022,Q3,10-Q,2022-11-07,CY2022Q3I,
2022-12-31,3082000000.0,0000719739-23-000021,2022,FY,10-K,2023-02-24,CY2022Q4I,
2009-12-31,139947000.0,0001193125-10-181548,2010,Q2,10-Q,2010-08-06,,
2009-12-31,139947000.0,0001193125-10-250157,2010,Q3,10-Q,2010-11-05,,
2009-12-31,139947000.0,0001193125-11-047635,2010,FY,10-K,2011-02-25,CY2009Q4I,
2010-06-30,222073000.0,0001193125-10-181548,2010,Q2,10-Q,2010-08-06,CY2010Q2I,
2010-09-30,263283000.0,0001193125-10-250157,2010,Q3,10-Q,2010-11-05,CY2010Q3I,
2010-12-31,196037000.0,0001193125-11-047635,2010,FY,10-K,2011-02-25,,
2010-12-31,196037000.0,0001193125-11-130721,2011,Q1,10-Q,2011-05-06,,
2010-12-31,196037000.0,0001193125-11-212416,2011,Q2,10-Q,2011-08-05,,
2010-12-31,196037000.0,0001193125-11-297377,2011,Q3,10-Q,2011-11-04,,
2010-12-31,196037000.0,0001193125-12-085818,2011,FY,10-K,2012-02-28,CY2010Q4I,
2011-03-31,200768000.0,0001193125-11-130721,2011,Q1,10-Q,2011-05-06,CY2011Q1I,
2011-06-30,462614000.0,0001193125-11-212416,2011,Q2,10-Q,2011-08-05,CY2011Q2I,
2011-09-30,254256000.0,0001193125-11-297377,2011,Q3,10-Q,2011-11-04,CY2011Q3I,
2011-12-31,405321000.0,0001193125-12-085818,2011,FY,10-K,2012-02-28,,
2011-12-31,405321000.0,0001193125-12-225234,2012,Q1,10-Q,2012-05-10,,
2011-12-31,405321000.0,0001193125-12-344003,2012,Q2,10-Q,2012-08-08,,
2011-12-31,405321000.0,0000719739-12-000011,2012,Q3,10-Q,2012-11-09,,
2011-12-31,405321000.0,0000719739-13-000009,2012,FY,10-K,2013-02-27,CY2011Q4I,
2012-03-31,307537000.0,0001193125-12-225234,2012,Q1,10-Q,2012-05-10,CY2012Q1I,
2012-06-30,312523000.0,0001193125-12-344003,2012,Q2,10-Q,2012-08-08,CY2012Q2I,
2012-09-30,330038000.0,0000719739-12-000011,2012,Q3,10-Q,2012-11-09,CY2012Q3I,
2012-12-31,360566000.0,0000719739-13-000009,2012,FY,10-K,2013-02-27,,
2012-12-31,360566000.0,0000719739-13-000019,2013,Q1,10-Q,2013-05-10,,
2012-12-31,360566000.0,0000719739-13-000040,2013,Q2,10-Q,2013-08-08,,
2012-12-31,360566000.0,0000719739-13-000054,2013,Q3,10-Q,2013-11-08,,
2012-12-31,360566000.0,0000719739-14-000012,2013,FY,10-K,2014-02-27,CY2012Q4I,
2013-03-31,359380000.0,0000719739-13-000019,2013,Q1,10-Q,2013-05-10,CY2013Q1I,
2013-06-30,330394000.0,0000719739-13-000040,2013,Q2,10-Q,2013-08-08,CY2013Q2I,
2013-09-30,358905000.0,0000719739-13-000054,2013,Q3,10-Q,2013-11-08,CY2013Q3I,
2013-12-31,404586000.0,0000719739-14-000012,2013,FY,10-K,2014-02-27,,
2013-12-31,404586000.0,0000719739-14-000021,2014,Q1,10-Q,2014-05-09,,
2013-12-31,404586000.0,0000719739-14-000034,2014,Q2,10-Q,2014-08-08,,
2013-12-31,404586000.0,0000719739-14-000044,2014,Q3,10-Q,2014-11-07,,
2013-12-31,404586000.0,0000719739-15-000022,2014,FY,10-K,2015-02-26,CY2013Q4I,
2014-03-31,407573000.0,0000719739-14-000021,2014,Q1,10-Q,2014-05-09,CY2014Q1I,
2014-06-30,559073000.0,0000719739-14-000034,2014,Q2,10-Q,2014-08-08,CY2014Q2I,
2014-09-30,517462000.0,0000719739-14-000044,2014,Q3,10-Q,2014-11-07,CY2014Q3I,
2014-12-31,483493000.0,0000719739-15-000022,2014,FY,10-K,2015-02-26,,
2014-12-31,483493000.0,0000719739-15-000034,2015,Q1,10-Q,2015-05-11,,
2014-12-31,483493000.0,0000719739-15-000048,2015,Q2,10-Q,2015-08-07,,
2014-12-31,483493000.0,0000719739-15-000059,2015,Q3,10-Q,2015-11-06,,
2014-12-31,483493000.0,0000719739-16-000073,2015,FY,10-K,2016-02-26,CY2014Q4I,
2015-03-31,686501000.0,0000719739-15-000034,2015,Q1,10-Q,2015-05-11,CY2015Q1I,
2015-06-30,614690000.0,0000719739-15-000048,2015,Q2,10-Q,2015-08-07,CY2015Q2I,
2015-09-30,566370000.0,0000719739-15-000059,2015,Q3,10-Q,2015-11-06,CY2015Q3I,
2015-12-31,639094000.0,0000719739-16-000073,2015,FY,10-K,2016-02-26,,
2015-12-31,639094000.0,0000719739-16-000085,2016,Q1,10-Q,2016-05-10,,
2015-12-31,639094000.0,0000719739-16-000095,2016,Q2,10-Q,2016-08-08,,
2015-12-31,639094000.0,0000719739-16-000114,2016,Q3,10-Q,2016-11-08,,
2015-12-31,639094000.0,0000719739-17-000012,2016,FY,10-K,2017-02-28,CY2015Q4I,
2016-03-31,506571000.0,0000719739-16-000085,2016,Q1,10-Q,2016-05-10,CY2016Q1I,
2016-06-30,602746000.0,0000719739-16-000095,2016,Q2,10-Q,2016-08-08,CY2016Q2I,
2016-09-30,562912000.0,0000719739-16-000114,2016,Q3,10-Q,2016-11-08,CY2016Q3I,
2016-12-31,618383000.0,0000719739-17-000012,2016,FY,10-K,2017-02-28,,
2016-12-31,618383000.0,0000719739-17-000021,2017,Q1,10-Q,2017-05-10,,
2016-12-31,618383000.0,0000719739-17-000049,2017,Q2,10-Q,2017-08-07,,
2016-12-31,618383000.0,0000719739-17-000062,2017,Q3,10-Q,2017-11-08,,
2016-12-31,618383000.0,0000719739-18-000011,2017,FY,10-K,2018-02-28,CY2016Q4I,
2017-03-31,629555000.0,0000719739-17-000021,2017,Q1,10-Q,2017-05-10,CY2017Q1I,
2017-06-30,1145154000.0,0000719739-17-000049,2017,Q2,10-Q,2017-08-07,CY2017Q2I,
2017-09-30,990498000.0,0000719739-17-000062,2017,Q3,10-Q,2017-11-08,CY2017Q3I,
2017-12-31,911755000.0,0000719739-18-000011,2017,FY,10-K,2018-02-28,,
2017-12-31,911755000.0,0000719739-18-000024,2018,Q1,10-Q,2018-05-08,,
2017-12-31,911755000.0,0000719739-18-000038,2018,Q2,10-Q,2018-08-07,,
2017-12-31,911755000.0,0000719739-18-000049,2018,Q3,10-Q,2018-11-09,,
2017-12-31,911755000.0,0000719739-19-000018,2018,FY,10-K,2019-02-28,CY2017Q4I,
2018-03-31,1206660000.0,0000719739-18-000024,2018,Q1,10-Q,2018-05-08,CY2018Q1I,
2018-06-30,1062391000.0,0000719739-18-000038,2018,Q2,10-Q,2018-08-07,CY2018Q2I,
2018-09-30,1146109000.0,0000719739-18-000049,2018,Q3,10-Q,2018-11-09,CY2018Q3I,
2018-12-31,1006359000.0,0000719739-19-000018,2018,FY,10-K,2019-02-28,,
2018-12-31,1006359000.0,0000719739-19-000034,2019,Q1,10-Q,2019-05-09,,
2018-12-31,1006359000.0,0000719739-19-000052,2019,Q2,10-Q,2019-08-09,,
2018-12-31,1006359000.0,0000719739-19-000075,2019,Q3,10-Q,2019-11-12,,
2018-12-31,1006359000.0,0000719739-20-000016,2019,FY,10-K,2020-02-28,CY2018Q4I,
2019-03-31,1432928000.0,0000719739-19-000034,2019,Q1,10-Q,2019-05-09,CY2019Q1I,
2019-06-30,1540476000.0,0000719739-19-000052,2019,Q2,10-Q,2019-08-09,CY2019Q2I,
2019-09-30,1731222000.0,0000719739-19-000075,2019,Q3,10-Q,2019-11-12,CY2019Q3I,
2019-12-31,2041752000.0,0000719739-20-000016,2019,FY,10-K,2020-02-28,,
2019-12-31,2041752000.0,0000719739-20-000036,2020,Q1,10-Q,2020-05-11,,
2019-12-31,2041752000.0,0000719739-20-000055,2020,Q2,10-Q,2020-08-10,,
2019-12-31,2041752000.0,0000719739-20-000074,2020,Q3,10-Q,2020-11-05,,
2019-12-31,2041752000.0,0000719739-21-000023,2020,FY,10-K,2021-03-01,CY2019Q4I,
2020-03-31,2200953000.0,0000719739-20-000036,2020,Q1,10-Q,2020-05-11,CY2020Q1I,
2020-06-30,2623407000.0,0000719739-20-000055,2020,Q2,10-Q,2020-08-10,CY2020Q2I,
2020-09-30,3067221000.0,0000719739-20-000074,2020,Q3,10-Q,2020-11-05,CY2020Q3I,
2020-12-31,3971974000.0,0000719739-21-000023,2020,FY,10-K,2021-03-01,,
2020-12-31,3971974000.0,0000719739-21-000036,2021,Q1,10-Q,2021-05-10,,
2020-12-31,3972000000.0,0000719739-21-000060,2021,Q2,10-Q,2021-08-06,,
2020-12-31,3972000000.0,0000719739-21-000071,2021,Q3,10-Q,2021-11-08,,
2020-12-31,3972000000.0,0000719739-22-000023,2021,FY,10-K,2022-03-01,CY2020Q4I,
2021-03-31,6411705000.0,0000719739-21-000036,2021,Q1,10-Q,2021-05-10,CY2021Q1I,
2021-06-30,3449000000.0,0000719739-21-000060,2021,Q2,10-Q,2021-08-06,CY2021Q2I,
2021-09-30,2733000000.0,0000719739-21-000071,2021,Q3,10-Q,2021-11-08,CY2021Q3I,
2021-12-31,2587000000.0,0000719739-22-000023,2021,FY,10-K,2022-03-01,,
2021-12-31,2587000000.0,0000719739-22-000040,2022,Q1,10-Q,2022-05-06,,
2021-12-31,2587000000.0,0000719739-22-000055,2022,Q2,10-Q,2022-08-08,,
2021-12-31,2467000000.0,0000719739-22-000081,2022,Q3,10-Q,2022-11-07,,
2021-12-31,2467000000.0,0000719739-23-000021,2022,FY,10-K,2023-02-24,CY2021Q4I,
2022-03-31,2817000000.0,0000719739-22-000040,2022,Q1,10-Q,2022-05-06,CY2022Q1I,
2022-06-30,2721000000.0,0000719739-22-000055,2022,Q2,10-Q,2022-08-08,CY2022Q2I,
2022-09-30,2889000000.0,0000719739-22-000081,2022,Q3,10-Q,2022-11-07,CY2022Q3I,
2022-12-31,3041000000.0,0000719739-23-000021,2022,FY,10-K,2023-02-24,CY2022Q4I,
2008-12-31,55147000.0,0001193125-11-047635,2010,FY,10-K,2011-02-25,CY2008,2008-01-01
2009-06-30,-39851000.0,0001193125-10-181548,2010,Q2,10-Q,2010-08-06,,2009-01-01
2009-06-30,2377000.0,0001193125-10-181548,2010,Q2,10-Q,2010-08-06,CY2009Q2,2009-04-01
2009-09-30,-13442000.0,0001193125-10-250157,2010,Q3,10-Q,2010-11-05,,2009-01-01
2009-09-30,26409000.0,0001193125-10-250157,2010,Q3,10-Q,2010-11-05,CY2009Q3,2009-07-01
2009-12-31,10640000.0,0001193125-11-047635,2010,FY,10-K,2011-02-25,,2009-01-01
2009-12-31,10640000.0,0001193125-12-085818,2011,FY,10-K,2012-02-28,CY2009,2009-01-01
2010-03-31,29210000.0,0001193125-11-130721,2011,Q1,10-Q,2011-05-06,,2010-01-01
2010-03-31,29210000.0,0001193125-12-085818,2011,FY,10-K,2012-02-28,CY2010Q1,2010-01-01
2010-06-30,50396000.0,0001193125-10-181548,2010,Q2,10-Q,2010-08-06,,2010-01-01
2010-06-30,50396000.0,0001193125-11-212416,2011,Q2,10-Q,2011-08-05,,2010-01-01
2010-06-30,21186000.0,0001193125-10-181548,2010,Q2,10-Q,2010-08-06,,2010-04-01
2010-06-30,21186000.0,0001193125-11-212416,2011,Q2,10-Q,2011-08-05,,2010-04-01
2010-06-30,21186000.0,0001193125-12-085818,2011,FY,10-K,2012-02-28,CY2010Q2,2010-04-01
2010-09-30,102835000.0,0001193125-10-250157,2010,Q3,10-Q,2010-11-05,,2010-01-01
2010-09-30,102835000.0,0001193125-11-297377,2011,Q3,10-Q,2011-11-04,,2010-01-01
2010-09-30,52439000.0,0001193125-10-250157,2010,Q3,10-Q,2010-11-05,,2010-07-01
2010-09-30,52439000.0,0001193125-11-297377,2011,Q3,10-Q,2011-11-04,,2010-07-01
2010-09-30,52439000.0,0001193125-12-085818,2011,FY,10-K,2012-02-28,CY2010Q3,2010-07-01
2010-12-31,136817000.0,0000719739-13-000009,2012,FY,10-K,2013-02-27,CY2010,2009-12-31
2010-12-31,136817000.0,0001193125-11-047635,2010,FY,10-K,2011-02-25,,2010-01-01
2010-12-31,136817000.0,0001193125-12-085818,2011,FY,10-K,2012-02-28,,2010-01-01
2010-12-31,33982000.0,0001193125-12-085818,2011,FY,10-K,2012-02-28,CY2010Q4,2010-10-01
2011-03-31,73095000.0,0000719739-13-000009,2012,FY,10-K,2013-02-27,CY2011Q1,2010-12-30
2011-03-31,73095000.0,0001193125-11-130721,2011,Q1,10-Q,2011-05-06,,2011-01-01
2011-03-31,73095000.0,0001193125-12-085818,2011,FY,10-K,2012-02-28,,2011-01-01
2011-03-31,73095000.0,0001193125-12-225234,2012,Q1,10-Q,2012-05-10,,2011-01-01
2011-06-30,162827000.0,0001193125-11-212416,2011,Q2,10-Q,2011-08-05,,2011-01-01
2011-06-30,162827000.0,0001193125-12-344003,2012,Q2,10-Q,2012-08-08,,2011-01-01
2011-06-30,89732000.0,0000719739-13-000009,2012,FY,10-K,2013-02-27,CY2011Q2,2011-03-31
2011-06-30,89732000.0,0001193125-11-212416,2011,Q2,10-Q,2011-08-05,,2011-04-01
2011-06-30,89732000.0,0001193125-12-085818,2011,FY,10-K,2012-02-28,,2011-04-01
2011-06-30,89732000.0,0001193125-12-344003,2012,Q2,10-Q,2012-08-08,,2011-04-01
2011-09-30,238903000.0,0001193125-11-297377,2011,Q3,10-Q,2011-11-04,,2011-01-01
2011-09-30,238903000.0,0000719739-12-000011,2012,Q3,10-Q,2012-11-09,,2011-01-01
2011-09-30,76076000.0,0001193125-11-297377,2011,Q3,10-Q,2011-11-04,,2011-07-01
2011-09-30,76076000.0,0001193125-12-085818,2011,FY,10-K,2012-02-28,,2011-07-01
2011-09-30,76076000.0,0000719739-12-000011,2012,Q3,10-Q,2012-11-09,,2011-07-01
2011-09-30,76076000.0,0000719739-13-000009,2012,FY,10-K,2013-02-27,CY2011Q3,2011-07-01
2011-12-31,282793000.0,0000719739-13-000009,2012,FY,10-K,2013-02-27,CY2011,2010-12-31
2011-12-31,282793000.0,0001193125-12-085818,2011,FY,10-K,2012-02-28,,2011-01-01
2011-12-31,282793000.0,0000719739-14-000012,2013,FY,10-K,2014-02-27,,2011-01-01
2011-12-31,43890000.0,0001193125-12-085818,2011,FY,10-K,2012-02-28,,2011-10-01
2011-12-31,43890000.0,0000719739-13-000009,2012,FY,10-K,2013-02-27,CY2011Q4,2011-10-01
2012-03-31,39933000.0,0000719739-13-000009,2012,FY,10-K,2013-02-27,CY2012Q1,2011-12-31
2012-03-31,39933000.0,0001193125-12-225234,2012,Q1,10-Q,2012-05-10,,2012-01-01
2012-03-31,39933000.0,0000719739-13-000019,2013,Q1,10-Q,2013-05-10,,2012-01-01
2012-03-31,39933000.0,0000719739-14-000012,2013,FY,10-K,2014-02-27,,2012-01-01
2012-06-30,97011000.0,0001193125-12-344003,2012,Q2,10-Q,2012-08-08,,2012-01-01
2012-06-30,97011000.0,0000719739-13-000040,2013,Q2,10-Q,2013-08-08,,2012-01-01
2012-06-30,57078000.0,0000719739-13-000009,2012,FY,10-K,2013-02-27,CY2012Q2,2012-03-31
2012-06-30,57078000.0,0001193125-12-344003,2012,Q2,10-Q,2012-08-08,,2012-04-01
2012-06-30,57078000.0,0000719739-13-000040,2013,Q2,10-Q,2013-08-08,,2012-04-01
2012-06-30,57078000.0,0000719739-14-000012,2013,FY,10-K,2014-02-27,,2012-04-01
2012-09-30,150151000.0,0000719739-12-000011,2012,Q3,10-Q,2012-11-09,,2012-01-01
2012-09-30,150151000.0,0000719739-13-000054,2013,Q3,10-Q,2013-11-08,,2012-01-01
2012-09-30,53140000.0,0000719739-12-000011,2012,Q3,10-Q,2012-11-09,,2012-07-01
2012-09-30,53140000.0,0000719739-13-000009,2012,FY,10-K,2013-02-27,,2012-07-01
2012-09-30,53140000.0,0000719739-13-000054,2013,Q3,10-Q,2013-11-08,,2012-07-01
2012-09-30,53140000.0,0000719739-14-000012,2013,FY,10-K,2014-02-27,CY2012Q3,2012-07-01
2012-12-31,249813000.0,0000719739-13-000009,2012,FY,10-K,2013-02-27,,2012-01-01
2012-12-31,249813000.0,0000719739-14-000012,2013,FY,10-K,2014-02-27,,2012-01-01
2012-12-31,249813000.0,0000719739-15-000022,2014,FY,10-K,2015-02-26,CY2012,2012-01-01
2012-12-31,99662000.0,0000719739-13-000009,2012,FY,10-K,2013-02-27,,2012-10-01
2012-12-31,99662000.0,0000719739-14-000012,2013,FY,10-K,2014-02-27,CY2012Q4,2012-10-01
2013-03-31,60545000.0,0000719739-13-000019,2013,Q1,10-Q,2013-05-10,,2013-01-01
2013-03-31,60545000.0,0000719739-14-000012,2013,FY,10-K,2014-02-27,,2013-01-01
2013-03-31,60545000.0,0000719739-14-000021,2014,Q1,10-Q,2014-05-09,,2013-01-01
2013-03-31,60545000.0,0000719739-15-000022,2014,FY,10-K,2015-02-26,CY2013Q1,2013-01-01
2013-06-30,137033000.0,0000719739-13-000040,2013,Q2,10-Q,2013-08-08,,2013-01-01
2013-06-30,137033000.0,0000719739-14-000034,2014,Q2,10-Q,2014-08-08,,2013-01-01
2013-06-30,76488000.0,0000719739-13-000040,2013,Q2,10-Q,2013-08-08,,2013-04-01
2013-06-30,76488000.0,0000719739-14-000012,2013,FY,10-K,2014-02-27,,2013-04-01
2013-06-30,76488000.0,0000719739-14-000034,2014,Q2,10-Q,2014-08-08,,2013-04-01
2013-06-30,76488000.0,0000719739-15-000022,2014,FY,10-K,2015-02-26,CY2013Q2,2013-04-01
2013-09-30,353213000.0,0000719739-13-000054,2013,Q3,10-Q,2013-11-08,,2013-01-01
2013-09-30,353213000.0,0000719739-14-000044,2014,Q3,10-Q,2014-11-07,,2013-01-01
2013-09-30,216180000.0,0000719739-13-000054,2013,Q3,10-Q,2013-11-08,,2013-07-01
2013-09-30,216180000.0,0000719739-14-000012,2013,FY,10-K,2014-02-27,,2013-07-01
2013-09-30,216180000.0,0000719739-14-000044,2014,Q3,10-Q,2014-11-07,,2013-07-01
2013-09-30,216180000.0,0000719739-15-000022,2014,FY,10-K,2015-02-26,CY2013Q3,2013-07-01
2013-12-31,546119000.0,0000719739-14-000012,2013,FY,10-K,2014-02-27,,2013-01-01
2013-12-31,546119000.0,0000719739-15-000022,2014,FY,10-K,2015-02-26,,2013-01-01
2013-12-31,544783000.0,0000719739-16-000073,2015,FY,10-K,2016-02-26,CY2013,2013-01-01
2013-12-31,192906000.0,0000719739-14-000012,2013,FY,10-K,2014-02-27,,2013-10-01
2013-12-31,192906000.0,0000719739-15-000022,2014,FY,10-K,2015-02-26,CY2013Q4,2013-10-01
2014-03-31,274706000.0,0000719739-14-000021,2014,Q1,10-Q,2014-05-09,,2014-01-01
2014-03-31,274706000.0,0000719739-15-000022,2014,FY,10-K,2015-02-26,,2014-01-01
2014-03-31,274355000.0,0000719739-15-000034,2015,Q1,10-Q,2015-05-11,,2014-01-01
2014-03-31,274355000.0,0000719739-16-000073,2015,FY,10-K,2016-02-26,CY2014Q1,2014-01-01
2014-06-30,284906000.0,0000719739-14-000034,2014,Q2,10-Q,2014-08-08,,2014-01-01
2014-06-30,284711000.0,0000719739-15-000048,2015,Q2,10-Q,2015-08-07,,2014-01-01
2014-06-30,10200000.0,0000719739-14-000034,2014,Q2,10-Q,2014-08-08,,2014-04-01
2014-06-30,10200000.0,0000719739-15-000022,2014,FY,10-K,2015-02-26,,2014-04-01
2014-06-30,10356000.0,0000719739-15-000048,2015,Q2,10-Q,2015-08-07,,2014-04-01
2014-06-30,10356000.0,0000719739-16-000073,2015,FY,10-K,2016-02-26,CY2014Q2,2014-04-01
2014-09-30,348078000.0,0000719739-14-000044,2014,Q3,10-Q,2014-11-07,,2014-01-01
2014-09-30,348865000.0,0000719739-15-000059,2015,Q3,10-Q,2015-11-06,,2014-01-01
2014-09-30,63172000.0,0000719739-14-000044,2014,Q3,10-Q,2014-11-07,,2014-07-01
2014-09-30,63172000.0,0000719739-15-000022,2014,FY,10-K,2015-02-26,,2014-07-01
2014-09-30,64154000.0,0000719739-15-000059,2015,Q3,10-Q,2015-11-06,,2014-07-01
2014-09-30,64154000.0,0000719739-16-000073,2015,FY,10-K,2016-02-26,CY2014Q3,2014-07-01
2014-12-31,478715000.0,0000719739-15-000022,2014,FY,10-K,2015-02-26,,2014-01-01
2014-12-31,478660000.0,0000719739-16-000073,2015,FY,10-K,2016-02-26,,2014-01-01
2014-12-31,478660000.0,0000719739-17-000012,2016,FY,10-K,2017-02-28,CY2014,2014-01-01
2014-12-31,130637000.0,0000719739-15-000022,2014,FY,10-K,2015-02-26,,2014-10-01
2014-12-31,129795000.0,0000719739-16-000073,2015,FY,10-K,2016-02-26,CY2014Q4,2014-10-01
2015-03-31,145282000.0,0000719739-15-000034,2015,Q1,10-Q,2015-05-11,,2015-01-01
2015-03-31,102390000.0,0000719739-16-000073,2015,FY,10-K,2016-02-26,,2015-01-01
2015-03-31,102390000.0,0000719739-16-000085,2016,Q1,10-Q,2016-05-10,,2015-01-01
2015-03-31,102390000.0,0000719739-17-000012,2016,FY,10-K,2017-02-28,CY2015Q1,2015-01-01
2015-06-30,196849000.0,0000719739-15-000048,2015,Q2,10-Q,2015-08-07,,2015-01-01
2015-06-30,196849000.0,0000719739-16-000095,2016,Q2,10-Q,2016-08-08,,2015-01-01
2015-06-30,94459000.0,0000719739-15-000048,2015,Q2,10-Q,2015-08-07,,2015-04-01
2015-06-30,94459000.0,0000719739-16-000073,2015,FY,10-K,2016-02-26,,2015-04-01
2015-06-30,94459000.0,0000719739-16-000095,2016,Q2,10-Q,2016-08-08,,2015-04-01
2015-06-30,94459000.0,0000719739-17-000012,2016,FY,10-K,2017-02-28,CY2015Q2,2015-04-01
2015-09-30,284811000.0,0000719739-15-000059,2015,Q3,10-Q,2015-11-06,,2015-01-01
2015-09-30,284811000.0,0000719739-16-000114,2016,Q3,10-Q,2016-11-08,,2015-01-01
2015-09-30,87962000.0,0000719739-15-000059,2015,Q3,10-Q,2015-11-06,,2015-07-01
2015-09-30,87962000.0,0000719739-16-000073,2015,FY,10-K,2016-02-26,,2015-07-01
2015-09-30,87962000.0,0000719739-16-000114,2016,Q3,10-Q,2016-11-08,,2015-07-01
2015-09-30,87962000.0,0000719739-17-000012,2016,FY,10-K,2017-02-28,CY2015Q3,2015-07-01
2015-12-31,374820000.0,0000719739-16-000073,2015,FY,10-K,2016-02-26,,2015-01-01
2015-12-31,374820000.0,0000719739-17-000012,2016,FY,10-K,2017-02-28,,2015-01-01
2015-12-31,374820000.0,0000719739-18-000011,2017,FY,10-K,2018-02-28,CY2015,2015-01-01
2015-12-31,90009000.0,0000719739-16-000073,2015,FY,10-K,2016-02-26,,2015-10-01
2015-12-31,90009000.0,0000719739-17-000012,2016,FY,10-K,2017-02-28,CY2015Q4,2015-10-01
2016-03-31,76597000.0,0000719739-16-000085,2016,Q1,10-Q,2016-05-10,,2016-01-01
2016-03-31,76597000.0,0000719739-17-000012,2016,FY,10-K,2017-02-28,,2016-01-01
2016-03-31,76597000.0,0000719739-17-000021,2017,Q1,10-Q,2017-05-10,,2016-01-01
2016-03-31,76597000.0,0000719739-18-000011,2017,FY,10-K,2018-02-28,CY2016Q1,2016-01-01
2016-06-30,170977000.0,0000719739-16-000095,2016,Q2,10-Q,2016-08-08,,2016-01-01
2016-06-30,170977000.0,0000719739-17-000049,2017,Q2,10-Q,2017-08-07,,2016-01-01
2016-06-30,94380000.0,0000719739-16-000095,2016,Q2,10-Q,2016-08-08,,2016-04-01
2016-06-30,94380000.0,0000719739-17-000012,2016,FY,10-K,2017-02-28,,2016-04-01
2016-06-30,94380000.0,0000719739-17-000049,2017,Q2,10-Q,2017-08-07,,2016-04-01
2016-06-30,94380000.0,0000719739-18-000011,2017,FY,10-K,2018-02-28,CY2016Q2,2016-04-01
2016-09-30,286624000.0,0000719739-16-000114,2016,Q3,10-Q,2016-11-08,,2016-01-01
2016-09-30,286624000.0,0000719739-17-000062,2017,Q3,10-Q,2017-11-08,,2016-01-01
2016-09-30,115647000.0,0000719739-16-000114,2016,Q3,10-Q,2016-11-08,,2016-07-01
2016-09-30,115647000.0,0000719739-17-000012,2016,FY,10-K,2017-02-28,,2016-07-01
2016-09-30,115647000.0,0000719739-17-000062,2017,Q3,10-Q,2017-11-08,,2016-07-01
2016-09-30,115647000.0,0000719739-18-000011,2017,FY,10-K,2018-02-28,CY2016Q3,2016-07-01
2016-12-31,390266000.0,0000719739-17-000012,2016,FY,10-K,2017-02-28,,2016-01-01
2016-12-31,390266000.0,0000719739-18-000011,2017,FY,10-K,2018-02-28,,2016-01-01
2016-12-31,107880000.0,0000719739-18-000024,2018,Q1,10-Q,2018-05-08,,2016-01-01
2016-12-31,390266000.0,0000719739-19-000018,2018,FY,10-K,2019-02-28,CY2016,2016-01-01
2016-12-31,103642000.0,0000719739-17-000012,2016,FY,10-K,2017-02-28,,2016-10-01
2016-12-31,103642000.0,0000719739-18-000011,2017,FY,10-K,2018-02-28,CY2016Q4,2016-10-01
2017-03-31,107880000.0,0000719739-17-000021,2017,Q1,10-Q,2017-05-10,,2017-01-01
2017-03-31,107880000.0,0000719739-18-000011,2017,FY,10-K,2018-02-28,,2017-01-01
2017-03-31,107880000.0,0000719739-18-000024,2018,Q1,10-Q,2018-05-08,,2017-01-01
2017-03-31,107880000.0,0000719739-19-000018,2018,FY,10-K,2019-02-28,CY2017Q1,2017-01-01
2017-06-30,240396000.0,0000719739-17-000049,2017,Q2,10-Q,2017-08-07,,2017-01-01
2017-06-30,240396000.0,0000719739-18-000038,2018,Q2,10-Q,2018-08-07,,2017-01-01
2017-06-30,132516000.0,0000719739-17-000049,2017,Q2,10-Q,2017-08-07,,2017-04-01
2017-06-30,132516000.0,0000719739-18-000011,2017,FY,10-K,2018-02-28,,2017-04-01
2017-06-30,132516000.0,0000719739-18-000038,2018,Q2,10-Q,2018-08-07,,2017-04-01
2017-06-30,132516000.0,0000719739-19-000018,2018,FY,10-K,2019-02-28,CY2017Q2,2017-04-01
2017-09-30,394514000.0,0000719739-17-000062,2017,Q3,10-Q,2017-11-08,,2017-01-01
2017-09-30,394514000.0,0000719739-18-000049,2018,Q3,10-Q,2018-11-09,,2017-01-01
2017-09-30,154118000.0,0000719739-17-000062,2017,Q3,10-Q,2017-11-08,,2017-07-01
2017-09-30,154118000.0,0000719739-18-000011,2017,FY,10-K,2018-02-28,,2017-07-01
2017-09-30,154118000.0,0000719739-18-000049,2018,Q3,10-Q,2018-11-09,,2017-07-01
2017-09-30,154118000.0,0000719739-19-000018,2018,FY,10-K,2019-02-28,CY2017Q3,2017-07-01
2017-12-31,519178000.0,0000719739-18-000011,2017,FY,10-K,2018-02-28,,2017-01-01
2017-12-31,519178000.0,0000719739-19-000018,2018,FY,10-K,2019-02-28,,2017-01-01
2017-12-31,519178000.0,0000719739-20-000016,2019,FY,10-K,2020-02-28,CY2017,2017-01-01
2017-12-31,124664000.0,0000719739-18-000011,2017,FY,10-K,2018-02-28,,2017-10-01
2017-12-31,124664000.0,0000719739-19-000018,2018,FY,10-K,2019-02-28,CY2017Q4,2017-10-01
2018-03-31,208026000.0,0000719739-18-000024,2018,Q1,10-Q,2018-05-08,,2018-01-01
2018-03-31,208026000.0,0000719739-19-000018,2018,FY,10-K,2019-02-28,,2018-01-01
2018-03-31,208026000.0,0000719739-19-000034,2019,Q1,10-Q,2019-05-09,,2018-01-01
2018-03-31,208026000.0,0000719739-20-000016,2019,FY,10-K,2020-02-28,CY2018Q1,2018-01-01
2018-06-30,455052000.0,0000719739-18-000038,2018,Q2,10-Q,2018-08-07,,2018-01-01
2018-06-30,455052000.0,0000719739-19-000052,2019,Q2,10-Q,2019-08-09,,2018-01-01
2018-06-30,247026000.0,0000719739-18-000038,2018,Q2,10-Q,2018-08-07,,2018-04-01
2018-06-30,247026000.0,0000719739-19-000018,2018,FY,10-K,2019-02-28,,2018-04-01
2018-06-30,247026000.0,0000719739-19-000052,2019,Q2,10-Q,2019-08-09,,2018-04-01
2018-06-30,247026000.0,0000719739-20-000016,2019,FY,10-K,2020-02-28,CY2018Q2,2018-04-01
2018-09-30,736417000.0,0000719739-18-000049,2018,Q3,10-Q,2018-11-09,,2018-01-01
2018-09-30,736417000.0,0000719739-19-000075,2019,Q3,10-Q,2019-11-12,,2018-01-01
2018-09-30,281365000.0,0000719739-18-000049,2018,Q3,10-Q,2018-11-09,,2018-07-01
2018-09-30,281365000.0,0000719739-19-000018,2018,FY,10-K,2019-02-28,,2018-07-01
2018-09-30,281365000.0,0000719739-19-000075,2019,Q3,10-Q,2019-11-12,,2018-07-01
2018-09-30,281365000.0,0000719739-20-000016,2019,FY,10-K,2020-02-28,CY2018Q3,2018-07-01
2018-12-31,1011348000.0,0000719739-19-000018,2018,FY,10-K,2019-02-28,,2018-01-01
2018-12-31,1011348000.0,0000719739-20-000016,2019,FY,10-K,2020-02-28,,2018-01-01
2018-12-31,1011348000.0,0000719739-21-000023,2020,FY,10-K,2021-03-01,CY2018,2018-01-01
2018-12-31,274931000.0,0000719739-19-000018,2018,FY,10-K,2019-02-28,,2018-10-01
2018-12-31,274931000.0,0000719739-20-000016,2019,FY,10-K,2020-02-28,CY2018Q4,2018-10-01
2019-03-31,291612000.0,0000719739-19-000034,2019,Q1,10-Q,2019-05-09,,2019-01-01
2019-03-31,291612000.0,0000719739-20-000016,2019,FY,10-K,2020-02-28,,2019-01-01
2019-03-31,291612000.0,0000719739-20-000036,2020,Q1,10-Q,2020-05-11,,2019-01-01
2019-03-31,291612000.0,0000719739-21-000023,2020,FY,10-K,2021-03-01,CY2019Q1,2019-01-01
2019-06-30,628183000.0,0000719739-19-000052,2019,Q2,10-Q,2019-08-09,,2019-01-01
2019-06-30,628183000.0,0000719739-20-000055,2020,Q2,10-Q,2020-08-10,,2019-01-01
2019-06-30,336571000.0,0000719739-19-000052,2019,Q2,10-Q,2019-08-09,,2019-04-01
2019-06-30,336571000.0,0000719739-20-000016,2019,FY,10-K,2020-02-28,,2019-04-01
2019-06-30,336571000.0,0000719739-20-000055,2020,Q2,10-Q,2020-08-10,,2019-04-01
2019-06-30,336571000.0,0000719739-21-000023,2020,FY,10-K,2021-03-01,CY2019Q2,2019-04-01
2019-09-30,909901000.0,0000719739-19-000075,2019,Q3,10-Q,2019-11-12,,2019-01-01
2019-09-30,909901000.0,0000719739-20-000074,2020,Q3,10-Q,2020-11-05,,2019-01-01
2019-09-30,281718000.0,0000719739-19-000075,2019,Q3,10-Q,2019-11-12,,2019-07-01
2019-09-30,281718000.0,0000719739-20-000016,2019,FY,10-K,2020-02-28,,2019-07-01
2019-09-30,281718000.0,0000719739-20-000074,2020,Q3,10-Q,2020-11-05,,2019-07-01
2019-09-30,281718000.0,0000719739-21-000023,2020,FY,10-K,2021-03-01,CY2019Q3,2019-07-01
2019-12-31,1184717000.0,0000719739-20-000016,2019,FY,10-K,2020-02-28,,2019-01-01
2019-12-31,1184717000.0,0000719739-21-000023,2020,FY,10-K,2021-03-01,,2019-01-01
2019-12-31,1185000000.0,0000719739-22-000023,2021,FY,10-K,2022-03-01,CY2019,2019-01-01
2019-12-31,274816000.0,0000719739-20-000016,2019,FY,10-K,2020-02-28,,2019-10-01
2019-12-31,274816000.0,0000719739-21-000023,2020,FY,10-K,2021-03-01,CY2019Q4,2019-10-01
2020-03-31,133649000.0,0000719739-20-000036,2020,Q1,10-Q,2020-05-11,,2020-01-01
2020-03-31,133649000.0,0000719739-21-000023,2020,FY,10-K,2021-03-01,,2020-01-01
2020-03-31,133649000.0,0000719739-21-000036,2021,Q1,10-Q,2021-05-10,CY2020Q1,2020-01-01
2020-06-30,381438000.0,0000719739-20-000055,2020,Q2,10-Q,2020-08-10,,2020-01-01
2020-06-30,381000000.0,0000719739-21-000060,2021,Q2,10-Q,2021-08-06,,2020-01-01
2020-06-30,247789000.0,0000719739-20-000055,2020,Q2,10-Q,2020-08-10,,2020-04-01
2020-06-30,247789000.0,0000719739-21-000023,2020,FY,10-K,2021-03-01,,2020-04-01
2020-06-30,248000000.0,0000719739-21-000060,2021,Q2,10-Q,2021-08-06,CY2020Q2,2020-04-01
2020-09-30,855493000.0,0000719739-20-000074,2020,Q3,10-Q,2020-11-05,,2020-01-01
2020-09-30,855000000.0,0000719739-21-000071,2021,Q3,10-Q,2021-11-08,,2020-01-01
2020-09-30,474055000.0,0000719739-20-000074,2020,Q3,10-Q,2020-11-05,,2020-07-01
2020-09-30,474055000.0,0000719739-21-000023,2020,FY,10-K,2021-03-01,,2020-07-01
2020-09-30,474000000.0,0000719739-21-000071,2021,Q3,10-Q,2021-11-08,CY2020Q3,2020-07-01
2020-12-31,1294294000.0,0000719739-21-000023,2020,FY,10-K,2021-03-01,,2020-01-01
2020-12-31,1294000000.0,0000719739-22-000023,2021,FY,10-K,2022-03-01,,2020-01-01
2020-12-31,1294000000.0,0000719739-23-000021,2022,FY,10-K,2023-02-24,CY2020,2020-01-01
2020-12-31,438801000.0,0000719739-21-000023,2020,FY,10-K,2021-03-01,CY2020Q4,2020-10-01
2021-03-31,561764000.0,0000719739-21-000036,2021,Q1,10-Q,2021-05-10,,2021-01-01
2021-03-31,562000000.0,0000719739-22-000040,2022,Q1,10-Q,2022-05-06,CY2021Q1,2021-01-01
2021-06-30,1190000000.0,0000719739-21-000060,2021,Q2,10-Q,2021-08-06,,2021-01-01
2021-06-30,1190000000.0,0000719739-22-000055,2022,Q2,10-Q,2022-08-08,,2021-01-01
2021-06-30,628000000.0,0000719739-21-000060,2021,Q2,10-Q,2021-08-06,,2021-04-01
2021-06-30,628000000.0,0000719739-22-000055,2022,Q2,10-Q,2022-08-08,CY2021Q2,2021-04-01
2021-09-30,1665000000.0,0000719739-21-000071,2021,Q3,10-Q,2021-11-08,,2021-01-01
2021-09-30,1665000000.0,0000719739-22-000081,2022,Q3,10-Q,2022-11-07,,2021-01-01
2021-09-30,475000000.0,0000719739-21-000071,2021,Q3,10-Q,2021-11-08,,2021-07-01
2021-09-30,475000000.0,0000719739-22-000081,2022,Q3,10-Q,2022-11-07,CY2021Q3,2021-07-01
2021-12-31,2073000000.0,0000719739-22-000023,2021,FY,10-K,2022-03-01,,2021-01-01
2021-12-31,2073000000.0,0000719739-23-000021,2022,FY,10-K,2023-02-24,CY2021,2021-01-01
2022-03-31,533000000.0,0000719739-22-000040,2022,Q1,10-Q,2022-05-06,CY2022Q1,2022-01-01
2022-06-30,886000000.0,0000719739-22-000055,2022,Q2,10-Q,2022-08-08,,2022-01-01
2022-06-30,353000000.0,0000719739-22-000055,2022,Q2,10-Q,2022-08-08,CY2022Q2,2022-04-01
2022-09-30,1304000000.0,0000719739-22-000081,2022,Q3,10-Q,2022-11-07,,2022-01-01
2022-09-30,418000000.0,0000719739-22-000081,2022,Q3,10-Q,2022-11-07,CY2022Q3,2022-07-01
2022-12-31,1609000000.0,0000719739-23-000021,2022,FY,10-K,2023-02-24,CY2022,2022-01-01
2012-06-30,58.72,0001193125-12-344003,2012,Q2,10-Q,2012-08-08,CY2012Q2I,
2012-09-30,60.46,0000719739-12-000011,2012,Q3,10-Q,2012-11-09,CY2012Q3I,
2012-12-31,55.97,0000719739-13-000009,2012,FY,10-K,2013-02-27,CY2012Q4I,
2013-03-31,70.94,0000719739-13-000019,2013,Q1,10-Q,2013-05-10,CY2013Q1I,
2013-06-30,83.32,0000719739-13-000040,2013,Q2,10-Q,2013-08-08,CY2013Q2I,
2013-09-30,86.37,0000719739-13-000054,2013,Q3,10-Q,2013-11-08,CY2013Q3I,
2013-12-31,104.86,0000719739-14-000012,2013,FY,10-K,2014-02-27,CY2013Q4I,
2014-03-31,128.78,0000719739-14-000021,2014,Q1,10-Q,2014-05-09,CY2014Q1I,
2014-06-30,116.62,0000719739-14-000034,2014,Q2,10-Q,2014-08-08,CY2014Q2I,
2014-09-30,112.09,0000719739-14-000044,2014,Q3,10-Q,2014-11-07,CY2014Q3I,
2014-12-31,116.07,0000719739-15-000022,2014,FY,10-K,2015-02-26,CY2014Q4I,
2015-03-31,127.04,0000719739-15-000034,2015,Q1,10-Q,2015-05-11,CY2015Q1I,
2015-06-30,143.98,0000719739-15-000048,2015,Q2,10-Q,2015-08-07,CY2015Q2I,
2015-09-30,115.54,0000719739-15-000059,2015,Q3,10-Q,2015-11-06,CY2015Q3I,
2015-12-31,118.9,0000719739-16-000073,2015,FY,10-K,2016-02-26,CY2015Q4I,
2016-03-31,102.05,0000719739-16-000085,2016,Q1,10-Q,2016-05-10,CY2016Q1I,
2016-06-30,95.16,0000719739-16-000095,2016,Q2,10-Q,2016-08-08,CY2016Q2I,
2016-09-30,110.54,0000719739-16-000114,2016,Q3,10-Q,2016-11-08,CY2016Q3I,
2016-12-31,171.66,0000719739-17-000012,2016,FY,10-K,2017-02-28,CY2016Q4I,
2017-03-31,186.09,0000719739-17-000021,2017,Q1,10-Q,2017-05-10,CY2017Q1I,
2017-06-30,175.79,0000719739-17-000049,2017,Q2,10-Q,2017-08-07,CY2017Q2I,
2017-09-30,187.09,0000719739-17-000062,2017,Q3,10-Q,2017-11-08,CY2017Q3I,
2017-12-31,233.77,0000719739-18-000011,2017,FY,10-K,2018-02-28,CY2017Q4I,
2018-03-31,240.01,0000719739-18-000024,2018,Q1,10-Q,2018-05-08,CY2018Q1I,
2018-06-30,288.76,0000719739-18-000038,2018,Q2,10-Q,2018-08-07,CY2018Q2I,
2018-09-30,310.83,0000719739-18-000049,2018,Q3,10-Q,2018-11-09,CY2018Q3I,
2018-12-31,189.92,0000719739-19-000018,2018,FY,10-K,2019-02-28,CY2018Q4I,
2019-03-31,222.36,0000719739-19-000034,2019,Q1,10-Q,2019-05-09,CY2019Q1I,
2019-06-30,224.59,0000719739-19-000052,2019,Q2,10-Q,2019-08-09,CY2019Q2I,
2019-09-30,208.95,0000719739-19-000075,2019,Q3,10-Q,2019-11-12,CY2019Q3I,
2019-12-31,251.04,0000719739-20-000016,2019,FY,10-K,2020-02-28,CY2019Q4I,
2020-03-31,151.08,0000719739-20-000036,2020,Q1,10-Q,2020-05-11,CY2020Q1I,
2020-06-30,215.53,0000719739-20-000055,2020,Q2,10-Q,2020-08-10,CY2020Q2I,
2020-09-30,240.62,0000719739-20-000074,2020,Q3,10-Q,2020-11-05,CY2020Q3I,
2020-12-31,387.83,0000719739-21-000023,2020,FY,10-K,2021-03-01,CY2020Q4I,
2021-03-31,493.66,0000719739-21-000036,2021,Q1,10-Q,2021-05-10,CY2021Q1I,
2021-12-31,678.24,0000719739-22-000023,2021,FY,10-K,2022-03-01,CY2021Q4I,
2022-12-31,230.14,0000719739-23-000021,2022,FY,10-K,2023-02-24,CY2022Q4I,
